plot_id,predicted_yield_tons_per_ha
PLOT-017296,3.4968554728721566
PLOT-017259,2.5865981174209387
PLOT-016178,2.373987224095656
PLOT-018610,2.9825839981918363
PLOT-015109,2.5764969477290633
PLOT-016351,2.774796617145077
PLOT-017917,1.6924603165565297
PLOT-016422,2.4386744806474776
PLOT-018085,3.113394803559166
PLOT-015051,3.4411398753037283
PLOT-018124,1.2815712404633923
PLOT-016442,2.663023639371805
PLOT-016032,2.2552613629833944
PLOT-016414,3.5617022013099096
PLOT-018385,3.3411944399778215
PLOT-015539,6.638874376802406
PLOT-018115,4.125080330588848
PLOT-017927,2.9219896235216356
PLOT-015687,3.0917735751341526
PLOT-015584,1.0929179318418365
PLOT-015219,2.293256361154041
PLOT-016803,2.4231537495386455
PLOT-015474,1.772991568292301
PLOT-017984,2.875137708511948
PLOT-017147,2.3090591459599596
PLOT-017440,1.7824823999440265
PLOT-018208,1.8692488650666794
PLOT-016703,1.6586881971133554
PLOT-015643,1.6878328161473248
PLOT-016058,2.1749436957255877
PLOT-015075,0.9715945171206386
PLOT-016661,0.9706577509734167
PLOT-018508,6.13130722068466
PLOT-017437,2.6052781033822017
PLOT-017258,3.1843092521525236
PLOT-017063,3.222846812998048
PLOT-017838,3.339592129402223
PLOT-017079,0.7352566486290835
PLOT-015569,4.211631599332743
PLOT-016146,3.097150641583261
PLOT-016884,5.353620310768324
PLOT-016578,0.9548807949656757
PLOT-017559,2.066881367285238
PLOT-017720,3.0641609680181183
PLOT-015369,2.3318903471935526
PLOT-017876,3.5856854439539014
PLOT-017847,3.6229196575863565
PLOT-017730,0.8304019200471325
PLOT-015531,1.877666683838167
PLOT-015062,3.389401963731685
PLOT-015438,3.3234684845212215
PLOT-018698,2.9164582273526363
PLOT-016680,2.0722124020181476
PLOT-017845,3.7617804429443567
PLOT-015412,0.8712919988712842
PLOT-018488,3.8202135338345657
PLOT-015774,2.6491496514003936
PLOT-017199,5.83254930246201
PLOT-018697,4.636841695569773
PLOT-016729,1.821748736135196
PLOT-017556,1.0477076113770252
PLOT-018475,2.4604333504158635
PLOT-016568,1.0246676310322436
PLOT-017444,2.045650456308873
PLOT-015186,5.594140296115132
PLOT-015262,3.7100319514899045
PLOT-017650,1.4315230071056342
PLOT-016963,6.212328079345641
PLOT-017561,1.08643820938942
PLOT-015259,5.670623655323955
PLOT-016841,3.0009552048865613
PLOT-015400,5.709668412347656
PLOT-017374,3.7096770299708517
PLOT-015098,4.858761731668574
PLOT-015360,2.0168797794611195
PLOT-015196,2.808159862588494
PLOT-018417,2.26115811842535
PLOT-015807,3.312032645751168
PLOT-015684,2.684682956639226
PLOT-017498,2.2368973631755087
PLOT-017369,2.972542886287695
PLOT-017803,1.134822241956912
PLOT-015637,2.6844162500754525
PLOT-017933,2.4062554759104517
PLOT-016271,1.0896533308024758
PLOT-016297,2.7303748296461685
PLOT-016902,2.7336075468741416
PLOT-016443,1.0752724944303904
PLOT-016082,2.2700639533478366
PLOT-017071,3.7209281421737974
PLOT-017173,2.529389431993689
PLOT-016550,3.3980813226729967
PLOT-018477,3.2213510829085696
PLOT-016395,3.4963495459133536
PLOT-015694,2.1352678155765585
PLOT-017865,0.9871130132049543
PLOT-016675,3.438860481671181
PLOT-015961,2.4700144159498296
PLOT-016334,2.479057402005794
PLOT-015767,2.9589690293112767
PLOT-018394,2.1185311488752614
PLOT-016209,1.74721998370513
PLOT-018458,2.6232994297278567
PLOT-016268,2.836056619549574
PLOT-017460,2.8949489604853422
PLOT-017620,2.1172188378431027
PLOT-017019,1.4962140726559994
PLOT-016195,5.332952276213915
PLOT-018158,2.311430953285834
PLOT-016354,1.6834672356653584
PLOT-017348,5.733220867005567
PLOT-017165,2.80220636220906
PLOT-015433,0.8728041670160553
PLOT-018119,1.508823567089164
PLOT-016625,2.01220180546379
PLOT-017493,4.9387229363843135
PLOT-018521,0.9771415551208908
PLOT-018018,5.562914690743214
PLOT-015445,0.8098581878395956
PLOT-017119,4.170946419429985
PLOT-016753,4.708658087526972
PLOT-015479,2.5715586973817257
PLOT-018129,3.643990163073207
PLOT-018629,4.4074067125825005
PLOT-015892,2.4143812672993423
PLOT-015511,2.450490375757445
PLOT-018165,1.9702532718164323
PLOT-017848,1.2224420240965315
PLOT-015571,1.926692706521196
PLOT-017061,3.495857268156369
PLOT-015030,3.5670832432909143
PLOT-015359,1.7107748845159299
PLOT-016740,2.8484374702252944
PLOT-016389,2.3373362103016597
PLOT-018489,2.0925857946424915
PLOT-017813,3.1109380543554894
PLOT-016371,3.540007975666959
PLOT-017553,2.6875683427919976
PLOT-016251,1.5813099147606586
PLOT-015848,1.5037643911870586
PLOT-018369,4.257335281579069
PLOT-016905,1.5358729289866788
PLOT-015985,3.2866783327785125
PLOT-018339,3.2314129019073827
PLOT-016667,2.9300291195727706
PLOT-017321,3.5977091237371908
PLOT-015440,3.864069261658464
PLOT-015095,1.6269009866059434
PLOT-015414,4.617793455217987
PLOT-017447,1.3954444462436875
PLOT-015087,3.4299318202613565
PLOT-015616,2.214974954983578
PLOT-018527,1.6432153346929828
PLOT-015638,3.684215836554931
PLOT-018196,1.1768947466810762
PLOT-017701,4.466213167815187
PLOT-015651,0.8433380839883278
PLOT-016284,3.0080242341500996
PLOT-017277,4.536350792635015
PLOT-018362,2.207278502219131
PLOT-017940,3.3121024655497573
PLOT-018036,2.6991551664745432
PLOT-017892,1.249060202500348
PLOT-015358,1.36229253068518
PLOT-018341,5.0394761588676795
PLOT-015115,4.283762045890901
PLOT-016758,1.0713167488701452
PLOT-017074,1.3323779712092716
PLOT-018714,3.26336503132584
PLOT-015883,4.250275594156813
PLOT-017053,4.234961318340926
PLOT-015124,1.816311898841463
PLOT-017727,2.504791244217592
PLOT-015858,2.8625645806880344
PLOT-017534,3.3648030664205666
PLOT-016114,2.319506264638568
PLOT-018558,0.8761921388811501
PLOT-015070,1.8823264066679626
PLOT-017776,2.2418343482048613
PLOT-015415,1.0074756487375232
PLOT-016054,2.021352564042525
PLOT-015737,2.4200416037010912
PLOT-016136,2.044103911497742
PLOT-017466,2.5041139192103503
PLOT-016263,1.730095364142235
PLOT-016684,3.4355359900810587
PLOT-016002,3.6886907667376345
PLOT-015732,2.3055833767028573
PLOT-017092,2.0733239637677046
PLOT-015561,2.2205758898982433
PLOT-016611,2.272043162265531
PLOT-018737,2.9775719266536256
PLOT-016298,2.874298360046928
PLOT-016218,1.6359315024894348
PLOT-017167,5.918427537974762
PLOT-018161,4.291135251952455
PLOT-018476,3.046438412500225
PLOT-017875,2.7609029480446003
PLOT-015868,2.7421606631504973
PLOT-017646,0.7311265133123449
PLOT-017200,1.8340589364460826
PLOT-015194,5.44204705588707
PLOT-017095,1.280342136614372
PLOT-016283,3.0271435168119076
PLOT-016303,2.453552336626739
PLOT-018517,3.3186956449709966
PLOT-015964,3.406674686314366
PLOT-017386,2.782962825134606
PLOT-016363,2.155955764664492
PLOT-015181,2.286843609155786
PLOT-018094,3.4390041252956625
PLOT-017138,2.4181443541604972
PLOT-015200,1.6170667751959882
PLOT-017829,4.392449052777581
PLOT-016961,1.192719807334423
PLOT-017908,3.880773104641638
PLOT-016787,0.12610123980628635
PLOT-018491,3.2385104734378825
PLOT-016010,4.858790958273104
PLOT-016937,4.220422889461058
PLOT-016140,1.9170029250566178
PLOT-018552,2.9775011307778643
PLOT-015267,4.166171576725437
PLOT-015375,3.497138552971558
PLOT-017888,5.363136490980048
PLOT-015735,2.064163681304929
PLOT-015699,1.2785792776849898
PLOT-016226,1.337027876581197
PLOT-017731,3.1417549448100672
PLOT-015370,1.4873619045323616
PLOT-015512,3.738607309324463
PLOT-015729,1.048292935136086
PLOT-018046,1.4187508945506757
PLOT-016197,1.127780399310623
PLOT-016799,2.2402059482914733
PLOT-016782,2.4563620291185337
PLOT-018480,2.6211227457194073
PLOT-015325,2.0086958408021727
PLOT-018661,4.374131862976097
PLOT-018704,3.58280225753163
PLOT-016825,4.3475697471215
PLOT-016125,3.8299760171117216
PLOT-016365,0.5102715084727629
PLOT-016892,3.681526948739706
PLOT-018449,2.5285569528779552
PLOT-017066,1.1004478318524518
PLOT-015768,2.1476840537410733
PLOT-015416,3.6709387465424443
PLOT-017780,0.9716559660552109
PLOT-018493,2.1892066974311004
PLOT-018003,2.091922075827844
PLOT-017549,3.091477767820116
PLOT-018739,4.770398741970157
PLOT-017926,1.9862967078374065
PLOT-017827,2.418879837348865
PLOT-018066,1.3603500290831578
PLOT-017546,4.751126034738078
PLOT-016759,3.285293008772157
PLOT-016413,3.8790216469821557
PLOT-016748,5.730095798895913
PLOT-015377,1.1942971641783577
PLOT-016015,2.3888527597734384
PLOT-015546,2.95165081036174
PLOT-015691,2.4405104957949812
PLOT-015949,3.338527842018082
PLOT-018025,2.701494203104307
PLOT-017024,3.2656989758278536
PLOT-016559,3.1554565200852664
PLOT-017764,1.2029350206816924
PLOT-015890,1.6746964523486547
PLOT-015060,2.845348442568528
PLOT-016724,2.98925737803627
PLOT-015632,4.242899553744566
PLOT-018226,1.9114501858244204
PLOT-016599,0.7517844386943293
PLOT-017810,5.929403341566237
PLOT-016695,0.5115699449485709
PLOT-016436,1.3626641162655608
PLOT-018083,3.4130523609317724
PLOT-016852,3.6212936487356995
PLOT-018076,2.818351688598938
PLOT-017576,1.2204535254415334
PLOT-017359,2.487039909534374
PLOT-017696,2.8583021202031915
PLOT-016238,5.69540250126183
PLOT-018309,2.3083169815988396
PLOT-018047,1.130117076934319
PLOT-015746,1.2133960609462242
PLOT-015328,1.5775832260713325
PLOT-018648,2.7178036878509464
PLOT-018664,2.0050275822681765
PLOT-016989,3.2435943359016095
PLOT-015034,4.201355609470637
PLOT-018344,1.4067970464537618
PLOT-016784,5.218512225787959
PLOT-016686,2.8042249047081413
PLOT-016244,5.586989676730103
PLOT-015449,2.5048472271961377
PLOT-017923,2.487991922557664
PLOT-017916,0.8345359328861592
PLOT-016005,1.7207424074145625
PLOT-017699,3.541105648103901
PLOT-015718,5.094811231712927
PLOT-016621,0.5746735332934823
PLOT-017443,2.026384497705203
PLOT-016364,0.8381549264471313
PLOT-015125,1.3331720661147224
PLOT-017639,1.7048126420399614
PLOT-017302,3.130783089843835
PLOT-017345,8.295999539151506
PLOT-018486,3.913767110158953
PLOT-016780,1.6506481751757955
PLOT-017402,1.0330367093493575
PLOT-016050,3.6976613634029727
PLOT-015701,3.9754846201912675
PLOT-015340,4.182980255661115
PLOT-018720,2.194291546039322
PLOT-015187,1.6266857540961948
PLOT-015983,3.7180610421088565
PLOT-018244,1.4908591591507976
PLOT-018696,2.475108303955925
PLOT-015121,2.617339930186484
PLOT-015603,1.7399589476648536
PLOT-015667,1.7927408739081623
PLOT-017607,0.9846227635444273
PLOT-015244,2.383078589306553
PLOT-015532,3.9074179854138626
PLOT-017027,1.6352092379278755
PLOT-017983,3.745302801106028
PLOT-016179,1.2678407150323114
PLOT-017854,3.6826283574470335
PLOT-017752,3.4878947681183132
PLOT-018628,3.506200692740418
PLOT-016701,6.598423359465804
PLOT-015801,3.025175464060936
PLOT-015840,4.678563540832425
PLOT-016235,1.96689960450568
PLOT-017163,1.1329999584859152
PLOT-016926,4.196270186435227
PLOT-017873,2.0902046325810546
PLOT-015444,2.2690795559379513
PLOT-018090,2.8769682581117575
PLOT-017284,2.984947351880764
PLOT-016313,3.7892656025942135
PLOT-015921,2.3815331244097138
PLOT-015795,2.2464139874932534
PLOT-015897,2.3345743100725125
PLOT-015009,1.4131130391053073
PLOT-017904,2.14935587673259
PLOT-016267,3.995163882895901
PLOT-017772,1.6825835183548166
PLOT-016747,2.871361435153976
PLOT-016416,2.9152602714676448
PLOT-018353,1.3943435419524313
PLOT-017112,2.775080348065364
PLOT-017036,2.10001781732166
PLOT-018650,2.9928877693865363
PLOT-015213,1.2574735669931643
PLOT-016104,3.0907543498320615
PLOT-016726,2.573532155720271
PLOT-018386,1.6471077251289608
PLOT-018174,1.064863572616273
PLOT-018548,2.921622699997254
PLOT-017159,1.595009400622377
PLOT-016397,4.591335460106929
PLOT-015836,1.1030701564523588
PLOT-015206,5.337466142487899
PLOT-015658,2.9649006313658317
PLOT-018497,0.6322941209158001
PLOT-015739,0.8081070731250906
PLOT-015500,3.798776889035499
PLOT-017160,5.0969028004748775
PLOT-017050,3.175289007127652
PLOT-017103,3.5630293266932096
PLOT-017108,1.035404056693116
PLOT-018553,3.0218269079661884
PLOT-015666,2.36046006499819
PLOT-017371,2.1814281902390493
PLOT-015564,2.943552891858529
PLOT-016262,2.6364283225403553
PLOT-016644,3.000226488734217
PLOT-016206,5.314175213951497
PLOT-016021,2.8159189223366567
PLOT-015134,4.371365283047091
PLOT-017156,2.637343862685334
PLOT-015305,1.301529669961414
PLOT-015915,4.432062282104661
PLOT-016591,4.028282498337905
PLOT-017312,3.166878453644926
PLOT-017319,2.295943806338509
PLOT-015619,3.1769206880048335
PLOT-017333,5.9667455184305895
PLOT-015903,1.2044283355555843
PLOT-016384,3.051822028692035
PLOT-016921,0.9721816390273292
PLOT-017739,2.455586350746444
PLOT-015296,1.2451721801946534
PLOT-015935,2.807345876702468
PLOT-017986,3.2898719234216074
PLOT-015318,6.674648545609045
PLOT-015420,1.7779608759624461
PLOT-017129,3.461068021812152
PLOT-017790,3.0187678148899773
PLOT-017656,1.353453098441224
PLOT-016632,1.8175502460117374
PLOT-016051,2.7262752665526855
PLOT-018225,1.2726048617765247
PLOT-017949,4.042609887684237
PLOT-016906,2.3265437794932606
PLOT-015562,1.4303124188718528
PLOT-017367,2.666858021225768
PLOT-018710,1.6134569535978684
PLOT-018731,1.9874419091867088
PLOT-016252,1.216608206625941
PLOT-017403,2.500922262427454
PLOT-017863,5.237640332785117
PLOT-018598,3.688814463773674
PLOT-017568,1.8011431278354664
PLOT-017221,3.559059678104069
PLOT-016816,3.983658924469144
PLOT-016587,2.1719691530929457
PLOT-017318,0.7506198869052503
PLOT-016844,1.6706432033168583
PLOT-015742,4.117336738263731
PLOT-018591,4.669072480342704
PLOT-015889,1.8268565221425237
PLOT-017253,4.1093815670144895
PLOT-015748,3.12766598724049
PLOT-018015,2.437365737991225
PLOT-017060,2.879116600683548
PLOT-018286,5.400714814421966
PLOT-015514,4.00676739334914
PLOT-018038,2.0605225845956876
PLOT-016090,1.391882519584714
PLOT-015662,3.3962284935252867
PLOT-016688,5.506939942539726
PLOT-015361,0.9172408450640686
PLOT-017796,2.666180293893379
PLOT-018605,1.354427376719799
PLOT-018501,2.6671987955739884
PLOT-015652,2.1549492183226127
PLOT-018012,1.8863646938405367
PLOT-017293,3.01931429613128
PLOT-017170,1.5452498631453258
PLOT-017332,2.2388449881837027
PLOT-016390,5.6903854862559635
PLOT-018096,3.5056183319746226
PLOT-015193,2.6350176476606313
PLOT-018245,1.0031930848848107
PLOT-018081,1.846966060565715
PLOT-018663,3.98667155788453
PLOT-017419,0.5968570695539798
PLOT-018326,3.9358557088177335
PLOT-016915,3.011888039255734
PLOT-016788,6.452393581335668
PLOT-017072,5.01710496125199
PLOT-016579,2.1952151716510375
PLOT-017705,3.1402135898633246
PLOT-016872,1.4311673041907216
PLOT-015705,0.8397405663648689
PLOT-015131,3.2857933385360547
PLOT-015592,0.5498921035955693
PLOT-015664,0.9397313764517276
PLOT-015565,2.478370624296577
PLOT-017503,0.9798529375834892
PLOT-016306,2.6284890644012644
PLOT-016077,4.581077702449686
PLOT-015178,2.3682661835796037
PLOT-017737,4.7441929740844735
PLOT-018393,2.806138078794296
PLOT-016431,0.8295085018591709
PLOT-016279,3.9988655921279315
PLOT-015854,4.512746715477944
PLOT-015720,3.8155542616802065
PLOT-016893,2.999622609667798
PLOT-017746,4.849974540172082
PLOT-018507,4.209542262959841
PLOT-016352,3.573184493320364
PLOT-018687,4.850470777328705
PLOT-017541,4.21504947637094
PLOT-017309,2.439734866833607
PLOT-015517,2.5868371827561387
PLOT-018110,4.5121958872814005
PLOT-017497,4.905950787211811
PLOT-018634,0.8754734452594787
PLOT-015079,2.028843896527337
PLOT-017992,3.835443775721912
PLOT-016225,4.070870790036841
PLOT-015427,3.7730064236175447
PLOT-016795,3.1016656998817913
PLOT-017765,2.261473096712101
PLOT-018264,0.8824974988112215
PLOT-017756,0.8755101261787658
PLOT-018570,0.8656941073876766
PLOT-016470,1.373753590013372
PLOT-017178,1.0823653075507846
PLOT-018492,5.000647277092023
PLOT-015933,1.9727933274769986
PLOT-017090,2.875799139230715
PLOT-018323,3.0205182536341306
PLOT-015527,4.304207085837043
PLOT-018504,1.0194410171640675
PLOT-015513,5.773990074052651
PLOT-016995,0.938499437984367
PLOT-017228,3.162479304350717
PLOT-017700,1.0842280201722765
PLOT-015707,1.7910728112938512
PLOT-016771,2.224794405977501
PLOT-016332,2.4519353197505844
PLOT-015670,2.4271746838375763
PLOT-017610,3.131183882575202
PLOT-015991,4.202897209882174
PLOT-016438,2.8854555270833164
PLOT-015180,4.789158892703965
PLOT-016277,3.149925802279296
PLOT-016674,3.5178203312752707
PLOT-018134,4.534020193621815
PLOT-016933,4.136975999036931
PLOT-017924,3.5843703147500756
PLOT-016039,3.244563077597375
PLOT-016084,3.754633712074036
PLOT-016730,5.050493326987487
PLOT-015615,3.232601802531003
PLOT-017841,2.725501271161696
PLOT-018607,2.684357851903634
PLOT-016347,5.558126313259248
PLOT-016275,3.343541830070368
PLOT-015802,1.8207084669786737
PLOT-017134,2.5165560095248813
PLOT-015448,1.179794554738515
PLOT-016387,5.025726761422771
PLOT-018608,6.227998591640746
PLOT-015430,1.3231672913125234
PLOT-018317,1.100709199131421
PLOT-017893,2.8133587217388327
PLOT-017014,0.4834610045324792
PLOT-015450,2.2731447018175843
PLOT-015580,3.2880777782513433
PLOT-016609,1.447840081519782
PLOT-017059,2.4415533412635826
PLOT-015596,7.58446343416861
PLOT-016714,1.018853457177763
PLOT-015789,2.950312406939634
PLOT-015346,0.2976539886622064
PLOT-015502,3.767398337952911
PLOT-018590,3.1139257953917543
PLOT-016406,1.6830332675767996
PLOT-017176,3.5507657250207627
PLOT-016166,1.8229484249998822
PLOT-016608,1.6403251928659763
PLOT-017301,2.2088140213118215
PLOT-016830,2.5817012922473745
PLOT-015268,1.7747603335593856
PLOT-017013,2.8237110937281806
PLOT-017006,3.5373692468655378
PLOT-018141,2.7816493582590347
PLOT-017421,1.9346793771343
PLOT-017719,1.2323712464646548
PLOT-017157,2.347225146109109
PLOT-017075,1.1646052553254014
PLOT-018185,1.2788574426656738
PLOT-017305,3.725051334550849
PLOT-018525,3.5862616191353336
PLOT-018395,2.5044810524937335
PLOT-015992,4.907320969902808
PLOT-015977,2.532525277436601
PLOT-017236,1.720414541935443
PLOT-015314,2.690902853467268
PLOT-017721,2.597395837763508
PLOT-017641,3.025574503229203
PLOT-015283,1.8702952654464675
PLOT-016134,1.9646890681460647
PLOT-017003,5.281734263948803
PLOT-017742,2.7496897118632115
PLOT-015032,2.64995694880143
PLOT-015590,3.5269641701637195
PLOT-018723,1.2626732474365194
PLOT-015240,5.022273993270459
PLOT-017771,1.1655887309788828
PLOT-016558,5.199814633250056
PLOT-018071,3.9564836387788103
PLOT-017804,4.776709000066864
PLOT-016720,1.0669581964719157
PLOT-015339,1.6511870699568456
PLOT-015993,2.400333054785662
PLOT-016731,1.0189147526518354
PLOT-016785,1.7921496230213194
PLOT-017733,3.106099432433017
PLOT-016170,3.463044898308599
PLOT-018373,1.6769264276628915
PLOT-016765,2.9012600829380735
PLOT-015498,2.0619945006491602
PLOT-015280,4.13213678735338
PLOT-015217,3.302590008114727
PLOT-016949,1.9644091288753631
PLOT-015672,3.4086251784863655
PLOT-016236,3.8951394259760646
PLOT-016643,6.470986371281948
PLOT-015668,3.1101902498083644
PLOT-016483,2.9016662356707474
PLOT-017761,2.446259762291141
PLOT-016412,2.3534137499768835
PLOT-018097,3.8998098356289526
PLOT-016617,1.6223917019410148
PLOT-015356,2.500476148479481
PLOT-015971,1.3229432933487544
PLOT-018406,3.089889564767502
PLOT-016749,1.6369671852355687
PLOT-017081,1.584655220439163
PLOT-015852,1.7006873881133187
PLOT-016208,2.564948271556447
PLOT-017786,1.8720764864632045
PLOT-017839,2.4900587212475545
PLOT-015751,2.4327247630920312
PLOT-018336,2.610047439907159
PLOT-018593,4.789004809355711
PLOT-015362,1.5908365076534121
PLOT-016078,1.6195974728953213
PLOT-016597,2.8979296083207937
PLOT-015012,2.2366547510304446
PLOT-015485,2.5026709645892917
PLOT-016261,3.2805741363497867
PLOT-016745,3.278489533531906
PLOT-017735,4.522278880001193
PLOT-018382,3.6098768602314775
PLOT-015786,1.8452108412384987
PLOT-015959,1.915338942820165
PLOT-017655,1.3028047526719422
PLOT-015740,1.8061822533646872
PLOT-015524,2.311804964577981
PLOT-017879,5.461503804762552
PLOT-017634,1.4346137155549985
PLOT-018092,4.241572341933225
PLOT-017915,2.3516029139275014
PLOT-018621,2.1258533806455624
PLOT-017004,3.066361024183397
PLOT-015884,2.105860741962704
PLOT-017530,2.0358296922504517
PLOT-015453,3.290695287909023
PLOT-018324,2.2754543197368275
PLOT-016657,1.3148329671537127
PLOT-018639,2.201681971962713
PLOT-017328,1.3650110795829422
PLOT-016425,3.4060847724134895
PLOT-015099,2.9926276729713615
PLOT-018690,2.232198592037996
PLOT-017698,1.3995605634447779
PLOT-015979,1.8472989103072819
PLOT-016157,5.770188839530547
PLOT-017015,2.4808671648600877
PLOT-016374,2.0727617036492547
PLOT-016381,2.1466046482795407
PLOT-016040,2.5158431316679986
PLOT-017168,2.129383055794965
PLOT-016286,7.732016138843849
PLOT-015760,4.191465136339286
PLOT-016086,1.8595350057571174
PLOT-016767,1.8311414516614093
PLOT-015210,3.2645624566231484
PLOT-016596,4.513547285699675
PLOT-017052,1.5999633330001966
PLOT-016240,5.1695266491609555
PLOT-017276,2.7494157616862345
PLOT-017590,3.0887045355415097
PLOT-017768,4.495870017420912
PLOT-017526,3.6788779176762696
PLOT-016171,4.555379065736916
PLOT-016459,4.097483589244176
PLOT-016183,3.6223223488616267
PLOT-018534,4.1895022402252335
PLOT-018132,3.867700178113632
PLOT-015773,4.600336134175803
PLOT-017304,3.7582491542242313
PLOT-015631,2.790558911435366
PLOT-016153,3.5288679912609724
PLOT-016398,2.7765837515549063
PLOT-015387,0.8485763496392036
PLOT-016496,3.364445995022287
PLOT-016971,2.4409854942588907
PLOT-016116,3.9259449072684185
PLOT-015476,1.343018152423859
PLOT-016547,5.104972331116079
PLOT-016463,2.0657700043151968
PLOT-017930,1.8903572884372286
PLOT-016242,1.1580507836518126
PLOT-018215,3.7224965191972093
PLOT-017425,7.651582572516408
PLOT-018564,2.466671178067932
PLOT-015833,4.504769159999602
PLOT-017116,2.707561582076911
PLOT-017323,4.667136361531967
PLOT-015523,5.567405250315117
PLOT-015203,4.060692301308886
PLOT-018506,4.862052253850862
PLOT-015736,2.873703896523013
PLOT-018510,4.913607182083582
PLOT-018104,2.462213670074688
PLOT-017736,0.6313582710119711
PLOT-018520,4.351905161846163
PLOT-017342,3.9308083194669354
PLOT-016690,1.4301879327171225
PLOT-015929,3.9770335324426105
PLOT-017434,1.2635181566521145
PLOT-015372,1.8804150877035835
PLOT-017272,2.854277220358181
PLOT-015488,3.4227702981643535
PLOT-018235,0.8218945094912637
PLOT-016167,6.16939972528207
PLOT-017166,2.5370673652730105
PLOT-018586,2.375473088765161
PLOT-015676,2.166644269074514
PLOT-017242,1.82698847739856
PLOT-017668,2.9716175948221504
PLOT-016121,4.105537854899569
PLOT-017644,1.5731539390031397
PLOT-017835,1.4736893235427946
PLOT-017227,1.6297565657184865
PLOT-018024,2.798125753749995
PLOT-015700,5.3244205219232805
PLOT-017264,4.370596012204148
PLOT-017394,1.8418368557823503
PLOT-018455,1.6594306940427725
PLOT-016108,2.3662148648248795
PLOT-015224,3.6242990700028366
PLOT-017557,2.5082694177649905
PLOT-017020,3.7002258322413883
PLOT-015587,4.2829297202397125
PLOT-015172,4.948816262745736
PLOT-017124,2.4528362832290878
PLOT-016324,4.138176605304585
PLOT-015110,1.1367910982771354
PLOT-015582,3.4335764498570716
PLOT-017565,2.4498810285686163
PLOT-016420,5.650922995165486
PLOT-017970,4.1159575356147755
PLOT-018061,2.46810768299029
PLOT-015255,3.626877105180721
PLOT-018672,1.5253769874097018
PLOT-015455,1.8923775525916469
PLOT-016493,2.0329403272690416
PLOT-018113,1.069529591934062
PLOT-018523,0.18808510993295557
PLOT-015800,4.672819065913219
PLOT-018463,3.1351210770949693
PLOT-018135,1.5416850580529171
PLOT-017335,2.409955108746378
PLOT-017223,1.0275521391592812
PLOT-017864,7.815400326511568
PLOT-015118,2.685082117844827
PLOT-016911,1.6269022580460173
PLOT-017651,5.798931847969078
PLOT-017281,3.148620788453724
PLOT-016514,1.3591537844389066
PLOT-015876,4.188802256285351
PLOT-018403,3.586479855529928
PLOT-017055,2.2953296567725046
PLOT-015600,2.90362721929062
PLOT-015008,6.052833315809489
PLOT-016164,3.9301207662509667
PLOT-018668,2.747219162105262
PLOT-016809,5.606808050920009
PLOT-016774,3.076385160490058
PLOT-016781,5.458269676954783
PLOT-018422,1.0956657751629042
PLOT-017994,2.793783834312271
PLOT-015536,2.051077070109519
PLOT-018511,5.4913372882909695
PLOT-017667,2.3273137088572162
PLOT-018575,2.1644825491147666
PLOT-018678,2.052003677695799
PLOT-015275,5.58913643568854
PLOT-018426,2.5287648900062596
PLOT-016434,1.7806976417794889
PLOT-016489,1.9961258596416036
PLOT-015442,3.197452052547555
PLOT-018383,1.7548760240304981
PLOT-017143,2.3256684872889024
PLOT-016564,1.2408330180983256
PLOT-018128,2.999591343176361
PLOT-015984,4.632292580584688
PLOT-015785,2.9242920150862166
PLOT-015928,1.6691958141675691
PLOT-016260,2.7222723640317517
PLOT-016294,2.653660894036704
PLOT-018259,3.9360649317469583
PLOT-018616,3.6232226742842424
PLOT-018606,2.4441263051176456
PLOT-017216,4.899670253553768
PLOT-016135,3.2357013435407445
PLOT-017665,1.813722673865415
PLOT-015871,4.043833472307737
PLOT-017086,3.5757266191404464
PLOT-015847,4.635250537105203
PLOT-018227,5.02200806967278
PLOT-015024,1.009659031404778
PLOT-018345,3.6741145864866223
PLOT-015057,2.013403213148471
PLOT-017594,2.3956657445091825
PLOT-015190,1.643074144730532
PLOT-015898,1.4364659854698212
PLOT-017490,2.0120483397254887
PLOT-018357,2.4514477638883685
PLOT-017513,3.547106918068269
PLOT-015492,0.9420980510317793
PLOT-015962,2.8519526509838706
PLOT-016257,2.9766040553655944
PLOT-018022,2.146807107880477
PLOT-015640,3.6003674799447873
PLOT-015002,2.3903445960402085
PLOT-016344,5.081683194925934
PLOT-017575,3.3845522866700257
PLOT-015141,2.3135805558878806
PLOT-016820,4.605385404552597
PLOT-017501,2.379325888468958
PLOT-015612,2.2031630500106143
PLOT-017531,2.7436148142651455
PLOT-016582,1.6239795242893098
PLOT-017965,2.1595560109908565
PLOT-017991,3.4447923989766887
PLOT-017054,4.582102953876724
PLOT-015227,2.602573321557401
PLOT-018364,2.832113917538689
PLOT-015568,0.8942450712222058
PLOT-016732,3.1422424054041955
PLOT-015572,5.416704214244591
PLOT-017017,3.0041831936460186
PLOT-017741,4.276968343600992
PLOT-017961,2.336500036856582
PLOT-017989,2.0386909815388985
PLOT-015289,4.070985849287204
PLOT-016122,2.3431265856686725
PLOT-015920,1.815092159312681
PLOT-017109,1.3748269208065533
PLOT-016583,0.8290386218415443
PLOT-016229,4.779253482765168
PLOT-015939,6.017633856521782
PLOT-017762,4.2668027353961016
PLOT-017536,3.365903690434619
PLOT-015426,2.6027221964279486
PLOT-018053,5.779045244497908
PLOT-016144,2.7455550093868717
PLOT-017211,1.8411839691148422
PLOT-015602,0.47840968002744255
PLOT-017111,3.378760871754425
PLOT-017779,5.765627759752714
PLOT-018017,1.4574371004999869
PLOT-017521,4.891942107237646
PLOT-016308,2.5083529924313805
PLOT-018248,2.610886920828946
PLOT-015423,1.2906783670345188
PLOT-017728,2.2950045284362957
PLOT-016429,4.407469368000853
PLOT-015578,3.040213575626265
PLOT-015278,3.731760969360938
PLOT-016491,1.094632817186132
PLOT-015151,2.2333555407724957
PLOT-018130,2.0509782031669994
PLOT-015378,2.964134192019836
PLOT-015895,2.080993002564399
PLOT-018666,3.0169085001610765
PLOT-018355,5.5267117087163635
PLOT-015841,4.3036673604685785
PLOT-018209,5.935192162086839
PLOT-017194,3.46161974909919
PLOT-018301,2.2059792554045803
PLOT-016614,1.9632616591522152
PLOT-017783,3.1802376908899213
PLOT-015717,1.099123226911453
PLOT-018032,2.311347300402235
PLOT-015386,2.3376941375235245
PLOT-015446,2.074232378016248
PLOT-017106,3.7955089219150224
PLOT-018727,2.2418377344092737
PLOT-016222,2.470544347343514
PLOT-017595,2.3912412596460255
PLOT-018172,3.5907490347147086
PLOT-015142,1.5374458834553406
PLOT-017254,1.3908512892292175
PLOT-016903,2.213352570267393
PLOT-018037,2.3744015335236446
PLOT-017457,3.9626035327871203
PLOT-015451,4.497373492433875
PLOT-016228,3.596643038371545
PLOT-016256,1.972163101022341
PLOT-018188,1.4799662522940924
PLOT-018187,3.652949272104179
PLOT-017395,1.568902359542379
PLOT-017502,1.8058360534692994
PLOT-017246,5.672135144896804
PLOT-017679,2.860250030875727
PLOT-017645,2.1703425313048683
PLOT-015734,3.5232132301693166
PLOT-017931,2.860372262493302
PLOT-015456,5.4896244225457105
PLOT-016391,2.3545610434060054
PLOT-017703,2.3886999413991443
PLOT-017955,3.785624841535725
PLOT-018424,2.515654849804137
PLOT-017704,3.552736199559431
PLOT-017831,3.9263093253985413
PLOT-017693,0.5666536207770494
PLOT-018179,1.0324349139574238
PLOT-017740,3.2896558256897026
PLOT-016670,2.8903807301068203
PLOT-016876,1.8848407220106602
PLOT-016457,0.8699810619177931
PLOT-016188,0.8153198032042438
PLOT-016523,1.165129785161172
PLOT-015803,1.0768763746539283
PLOT-017592,1.6891531143938179
PLOT-015036,3.0617959405633473
PLOT-018547,1.0427883170522854
PLOT-018490,6.945173027017003
PLOT-017201,3.510404118481843
PLOT-018559,2.6858981424543074
PLOT-015855,2.1006147714451138
PLOT-017407,1.6440689121277734
PLOT-017748,3.2994810130861736
PLOT-016325,3.332561646074653
PLOT-016910,0.783694216302796
PLOT-016626,2.761092347944395
PLOT-016727,3.035296517430876
PLOT-015100,0.6592136920023703
PLOT-018251,1.4947283385455876
PLOT-016929,3.812448614219067
PLOT-015341,3.975991815251525
PLOT-018532,2.7533982057461763
PLOT-016312,2.735112151997827
PLOT-015540,1.2860156572659502
PLOT-018292,2.2656202846124707
PLOT-015243,1.4563397578217523
PLOT-018342,2.252012434313646
PLOT-015419,2.4779006828928347
PLOT-018330,1.7489420194794878
PLOT-016888,2.490559686171722
PLOT-016734,2.2419083584445376
PLOT-015727,1.7921591100998204
PLOT-015037,2.1138103522382616
PLOT-017202,2.8869069408772816
PLOT-016742,2.3782553549863343
PLOT-017898,2.1391022970526508
PLOT-015071,3.917165001556374
PLOT-017951,2.2773369964652748
PLOT-016203,1.3192777118003185
PLOT-015226,2.690443458355981
PLOT-016141,0.88453505019582
PLOT-015669,4.423084881859134
PLOT-017411,3.0344750374796656
PLOT-016541,3.385850345221692
PLOT-017846,1.5996253536961194
PLOT-018428,3.3112624314050456
PLOT-016849,1.5680053945418584
PLOT-016102,2.9330831350233635
PLOT-018657,0.5922815402890773
PLOT-017114,5.018580776560326
PLOT-018335,3.634592517348844
PLOT-015468,2.914503863795856
PLOT-017031,2.230058374273483
PLOT-017787,3.2045939860479375
PLOT-016916,2.0409766128691524
PLOT-017311,2.3878774889016268
PLOT-018389,0.9268540253957137
PLOT-015824,1.6861837651387526
PLOT-016396,1.9710106382951065
PLOT-017975,5.060643781051193
PLOT-017363,4.149360424911007
PLOT-015845,3.011982164261566
PLOT-017777,3.115582160024503
PLOT-017911,3.0372160873937792
PLOT-018123,4.289418407882497
PLOT-015078,3.484627359519291
PLOT-018160,3.6729102475392934
PLOT-016321,2.0638366374414314
PLOT-016083,2.5723016459106445
PLOT-016320,2.0434995760870622
PLOT-017558,5.428864231931033
PLOT-018363,6.0086067138870645
PLOT-016700,0.7200178451707762
PLOT-015943,1.327329632153194
PLOT-017712,2.464297397494115
PLOT-018304,3.5796366405535145
PLOT-016733,3.012945924130201
PLOT-015241,2.4214647680837156
PLOT-018312,2.6659530455334806
PLOT-018299,2.526946465012137
PLOT-017856,3.109722228166425
PLOT-018006,3.8115958977359226
PLOT-018302,5.103319811949116
PLOT-015526,4.081960733728441
PLOT-015798,2.8292588894138215
PLOT-015713,3.50909915714467
PLOT-018139,2.5244633353178467
PLOT-018685,1.549735577999065
PLOT-015738,1.8839270386525788
PLOT-016946,1.7410993436262456
PLOT-017225,3.2458109957906824
PLOT-018118,3.549657837327297
PLOT-018434,3.5631441841958815
PLOT-016377,3.4891318356610053
PLOT-016914,6.161049515328238
PLOT-016778,4.774366105502937
PLOT-018633,2.0226043178561914
PLOT-015757,4.5595196755194785
PLOT-017711,2.624229772078026
PLOT-015429,5.124894684280992
PLOT-016982,3.9501474776577212
PLOT-018432,3.4041570718445153
PLOT-018313,1.7389232947931905
PLOT-016966,5.268650651351892
PLOT-015981,2.6688262493269894
PLOT-015263,1.430788395086531
PLOT-018202,3.101918305667933
PLOT-018701,3.2301980489366398
PLOT-015547,0.6628632045311372
PLOT-015454,2.646992800850865
PLOT-015338,5.814601157366371
PLOT-015026,2.1843711664451013
PLOT-017844,1.4950205237682235
PLOT-016062,2.2783594913760385
PLOT-015320,3.4004023863972135
PLOT-015000,2.9032214338848705
PLOT-016506,1.2110086553453936
PLOT-018686,1.9835521927789692
PLOT-016151,2.396462481855435
PLOT-015407,2.410471074055786
PLOT-016769,4.055015817599307
PLOT-016210,2.308643647591393
PLOT-015750,3.1745228547468978
PLOT-017000,1.3869303382012146
PLOT-016542,3.2757346008559822
PLOT-017794,2.660766782277367
PLOT-016095,5.586976879108062
PLOT-018217,3.5870495666216407
PLOT-015577,3.5591033001332115
PLOT-016326,2.1839345203107943
PLOT-017811,2.587564732772202
PLOT-018143,2.403768318359573
PLOT-017234,4.627700977096094
PLOT-015270,1.7025136884233099
PLOT-015170,1.3256955150081455
PLOT-017905,3.9804700429862434
PLOT-017189,1.0379871520315178
PLOT-016783,3.6803973849071037
PLOT-015674,4.272859007150068
PLOT-017807,2.6329112183285908
PLOT-016868,2.841901596995112
PLOT-018515,0.7482981100899996
PLOT-016441,5.9686158525551365
PLOT-016723,1.80893211317798
PLOT-016958,3.8239500266340802
PLOT-016619,0.9970190620852889
PLOT-017366,2.351753214420985
PLOT-017866,3.8005341317735573
PLOT-016987,5.350534965173696
PLOT-015253,1.7860017868608766
PLOT-016276,1.8985150964143653
PLOT-017910,2.2570742979305614
PLOT-017289,2.612777218087403
PLOT-015295,3.5967955441857455
PLOT-015053,1.189322891275966
PLOT-016096,1.5532236118064586
PLOT-015191,2.2602142531652807
PLOT-015301,3.0379682047480943
PLOT-015365,3.4996383127706046
PLOT-017499,3.270489281988893
PLOT-016977,3.589941833511019
PLOT-018703,2.2756616964793364
PLOT-015744,2.7330639538747197
PLOT-016191,3.057771645866098
PLOT-017039,2.6069515425524923
PLOT-017670,2.913074204116194
PLOT-016923,3.4554746037538018
PLOT-016355,1.5367031845653167
PLOT-016113,1.8527357195566405
PLOT-017511,2.3294739976487935
PLOT-015374,2.789014573140654
PLOT-016821,1.9207414853780629
PLOT-015291,0.9138063392279265
PLOT-018358,4.285134315148503
PLOT-015389,3.469516297466356
PLOT-018375,3.7221152124233376
PLOT-018133,3.7125023332733886
PLOT-016180,3.404821014476843
PLOT-016598,2.4978505758105607
PLOT-018514,2.902964612562313
PLOT-017084,0.9789459398836109
PLOT-015214,2.6480313001184896
PLOT-016016,3.1953105969084548
PLOT-016864,3.7243641892923485
PLOT-015410,1.234227846919543
PLOT-016545,3.4536327870477086
PLOT-017619,1.3498666611464485
PLOT-015832,2.2848616513154743
PLOT-015179,4.538542320842663
PLOT-015690,0.4089644114599967
PLOT-018122,1.7399400733721737
PLOT-015470,1.5543991439129106
PLOT-015704,3.1860928184908364
PLOT-017346,0.7548405989120704
PLOT-018653,1.1052169089857922
PLOT-017887,1.6887462803140971
PLOT-017593,3.0440781738695217
PLOT-016075,3.4188307809278844
PLOT-018680,4.508931730707423
PLOT-016627,1.602914560664266
PLOT-018399,3.0822611353580958
PLOT-018295,3.517904397532853
PLOT-015063,6.855109269238252
PLOT-015769,2.99099556645014
PLOT-016428,2.0553295958517572
PLOT-015324,2.1379094921762394
PLOT-015819,3.403550765775415
PLOT-015780,0.6083937254159584
PLOT-016699,2.3411333309602704
PLOT-016123,4.837656727379693
PLOT-018152,2.6822560084967257
PLOT-015752,3.9143003800364897
PLOT-016067,3.4723300569716025
PLOT-018614,5.763660028513773
PLOT-016041,1.8587666421062663
PLOT-018109,2.71497025961465
PLOT-017417,2.939091838149139
PLOT-015716,0.752015880808848
PLOT-017717,3.0301573292244464
PLOT-017582,2.978147414110228
PLOT-015550,2.1331096444290467
PLOT-018008,2.9878197412734293
PLOT-015749,0.8313572079741937
PLOT-016487,3.4563136018715634
PLOT-017486,2.1903265669003247
PLOT-018337,1.7028049349351346
PLOT-017426,2.4662670088411773
PLOT-018213,0.9971036713990689
PLOT-017928,4.205297325694069
PLOT-018400,1.3912845153942226
PLOT-018531,1.39931781608699
PLOT-017130,3.6179361203265046
PLOT-015842,2.6815416238199394
PLOT-016997,5.361153869621685
PLOT-015020,3.065607757988003
PLOT-017418,4.211779949055671
PLOT-015879,0.9058812373545937
PLOT-017329,2.4898263424668055
PLOT-018050,3.2077399258664037
PLOT-015863,5.4460685505116135
PLOT-017190,2.51582437386323
PLOT-016376,3.46304747573122
PLOT-016936,1.2714731402669281
PLOT-015354,2.2879794931337876
PLOT-015951,0.936500737070972
PLOT-018496,0.7691311876971595
PLOT-016930,3.915607325357497
PLOT-016430,6.2656805324909115
PLOT-018121,3.5946456306627548
PLOT-017543,2.5651708148062116
PLOT-017978,3.3432813622204725
PLOT-016305,5.527274594405804
PLOT-016073,2.8407746053839533
PLOT-016159,1.455603839913922
PLOT-015058,2.0835701441895647
PLOT-017450,5.156692487135825
PLOT-017033,2.4316803335532584
PLOT-016696,2.1603542623167193
PLOT-016379,0.9500994737054121
PLOT-016536,2.5068449341571544
PLOT-016593,2.314470869155509
PLOT-018407,2.235917441265799
PLOT-016539,0.6363416868898831
PLOT-017566,2.5888832251264775
PLOT-016423,2.71103170176257
PLOT-017899,0.9575808231167058
PLOT-016718,2.6049676065095713
PLOT-018418,2.976882560023375
PLOT-017527,3.0254137614442853
PLOT-016068,2.932965521513726
PLOT-015147,2.3858175613681656
PLOT-016715,3.5004486997028
PLOT-018198,3.420431904658498
PLOT-016589,3.530859620814962
PLOT-017747,2.5830608117849936
PLOT-016531,2.3944845442921445
PLOT-017799,2.7119191813300882
PLOT-015452,0.4813183312885933
PLOT-016561,0.8961226973161488
PLOT-016955,3.2628465821391406
PLOT-018544,2.4507875197164033
PLOT-015192,1.5457635923790147
PLOT-016038,2.349290089121703
PLOT-016537,4.2302801586487275
PLOT-016293,2.622842218177638
PLOT-018398,1.7549956570090317
PLOT-018378,2.5965393160842023
PLOT-017606,3.776808851018476
PLOT-015626,2.988529565687992
PLOT-016697,2.4834345105217612
PLOT-017338,3.3269255172559205
PLOT-018067,1.93468265796416
PLOT-017294,3.0431196082308456
PLOT-015974,2.2747371061425397
PLOT-016763,2.5128733735827797
PLOT-018460,3.102482831747234
PLOT-015150,5.995065073962541
PLOT-017948,5.832906609598264
PLOT-016524,5.237419581772193
PLOT-018623,3.1807674576036544
PLOT-018719,3.483388099381286
PLOT-016939,1.6297927847709506
PLOT-018360,7.188234247818107
PLOT-015484,0.8059972404312999
PLOT-017520,1.4660820719036303
PLOT-018042,4.600629509128884
PLOT-016302,2.2102199993856138
PLOT-015649,3.2653458092708094
PLOT-016495,3.166390976556759
PLOT-018724,2.2674405878182533
PLOT-016527,3.4485514611471055
PLOT-018568,4.361038819654038
PLOT-017347,4.486249242840935
PLOT-018331,3.1332642777842747
PLOT-018482,2.5243894528490562
PLOT-017082,4.454352164665552
PLOT-016216,1.6161748881173323
PLOT-018468,1.880704231164182
PLOT-015945,3.1535166728348716
PLOT-018396,4.106019340108553
PLOT-015072,3.3422273698988216
PLOT-016610,1.901342128903223
PLOT-017614,5.462746974386913
PLOT-017098,0.8872612704062907
PLOT-018503,1.922350400535395
PLOT-015762,1.9912465385538438
PLOT-015089,3.5926226881846
PLOT-017621,3.5424617997970773
PLOT-016375,2.7124401575779973
PLOT-015017,3.281738494116017
PLOT-018494,2.8954171007327925
PLOT-015804,5.63422301582612
PLOT-016526,2.082012072372506
PLOT-018537,2.8147186772544863
PLOT-017662,1.256264186483235
PLOT-016127,2.1518307326865105
PLOT-017248,1.973550203583323
PLOT-015838,2.5905472594203944
PLOT-016057,3.9888210204143095
PLOT-015864,1.1954511606174982
PLOT-018182,2.2851919342354448
PLOT-018404,1.4158967704876204
PLOT-015298,2.243980867208944
PLOT-018059,-0.0027251652413574174
PLOT-016801,2.620470949975217
PLOT-016871,2.2548960042326778
PLOT-016061,3.4609201866282366
PLOT-016029,3.791635652017843
PLOT-017769,1.6285267904593566
PLOT-017182,2.8120188510001167
PLOT-015398,3.4184543411616852
PLOT-017643,4.778536553434247
PLOT-016337,4.353924363481008
PLOT-016802,1.9232145175509208
PLOT-017918,2.4460950872414893
PLOT-017142,2.50524938611494
PLOT-016845,2.6221831375502473
PLOT-015395,2.210102708792447
PLOT-015094,3.177980135723527
PLOT-016291,1.1238067649269414
PLOT-018411,2.623438948313071
PLOT-016353,2.086600588408857
PLOT-016469,2.7469701650301146
PLOT-018585,2.023827393094145
PLOT-018311,5.435231297083725
PLOT-016444,2.062824365062984
PLOT-016543,2.322976116821422
PLOT-018658,3.0495686244912044
PLOT-016942,3.029921156124941
PLOT-018518,3.1464374061327827
PLOT-015661,3.5563351425265073
PLOT-018117,1.4589715636420815
PLOT-016682,2.3081385995535397
PLOT-016635,1.5068840384340745
PLOT-018065,1.7257944294399261
PLOT-015317,2.214150722747708
PLOT-018334,2.3143788199817545
PLOT-017233,2.419941599132279
PLOT-015947,1.3293208998850172
PLOT-018376,3.000846212733024
PLOT-015770,3.753451676063918
PLOT-016380,1.9385284244101104
PLOT-016962,2.5295144285641484
PLOT-017470,1.189808358210345
PLOT-015544,4.246084648039681
PLOT-016382,5.391967794275945
PLOT-018216,1.2248760481778942
PLOT-018102,3.503362061304712
PLOT-016831,2.1420882520844997
PLOT-015635,3.4592459444095867
PLOT-016181,4.293485491969723
PLOT-017041,7.037400812417858
PLOT-017685,1.2630385409764044
PLOT-015108,2.3333103059827054
PLOT-017439,2.3689171838760936
PLOT-017754,3.7273357116773234
PLOT-017410,1.5492011036856117
PLOT-017548,1.9293330934482913
PLOT-017161,3.498946206421278
PLOT-016940,2.8508793473972256
PLOT-018256,4.245144956396257
PLOT-015139,2.3328116869585043
PLOT-015712,3.2698571711982547
PLOT-017144,5.445292929099225
PLOT-015287,1.5758862095631356
PLOT-017077,1.2581237224643875
PLOT-015823,3.5894559498454903
PLOT-017035,2.6681169247215633
PLOT-017914,2.9673831639993593
PLOT-017449,1.438271006772858
PLOT-016869,1.4353588405770896
PLOT-016513,4.04654681878615
PLOT-018023,2.026068719723707
PLOT-018300,3.250299903839759
PLOT-016224,6.4720342979919385
PLOT-018176,2.3306721776931822
PLOT-018509,1.9122001086758884
PLOT-017099,3.121112395119305
PLOT-015525,1.3963762925285679
PLOT-015473,2.1310226071632115
PLOT-015506,2.437986877377631
PLOT-017011,2.57904473349302
PLOT-016223,0.8393355406573649
PLOT-015396,2.1080042466867837
PLOT-015515,3.4123429171911552
PLOT-016343,2.4444429213455616
PLOT-015891,2.694793477981824
PLOT-018412,3.811395409009387
PLOT-016264,2.8515157872220467
PLOT-017164,2.6690139965970885
PLOT-015877,1.6739804817813022
PLOT-017118,4.722565542727459
PLOT-015013,1.5636328099833698
PLOT-018693,2.0831410608010854
PLOT-017065,1.557550500665909
PLOT-017825,3.7731550012145467
PLOT-017812,5.4536359944895745
PLOT-015376,0.9840830255315787
PLOT-017361,2.038015252711262
PLOT-016900,2.6892269235758715
PLOT-015857,4.435294222676994
PLOT-015503,3.353080081471009
PLOT-016081,4.636344885795851
PLOT-015046,3.58736848434619
PLOT-017297,2.658107247332093
PLOT-015266,1.5274421469796575
PLOT-017626,3.1202312001572734
PLOT-018346,1.3346455656896712
PLOT-016549,1.3447639065072472
PLOT-016022,3.869290116631431
PLOT-015232,1.5496965364610278
PLOT-018063,1.991647269132994
PLOT-018243,2.070219785033403
PLOT-018354,6.24224126421331
PLOT-018562,4.987199020309059
PLOT-018681,3.032637222972261
PLOT-016189,1.0772742317660666
PLOT-018028,1.664811206988873
PLOT-017188,2.058438592328657
PLOT-016584,1.6915349381869842
PLOT-015173,2.743873507646411
PLOT-016165,2.2495891878489878
PLOT-015204,1.9876324824196936
PLOT-017519,1.0016490066684858
PLOT-017263,5.217101958209099
PLOT-016177,1.7815144650927528
PLOT-016162,2.610790875819131
PLOT-015630,3.3104083766759484
PLOT-015681,1.4480091780779996
PLOT-018683,1.28267686544055
PLOT-018016,1.6954097390848546
PLOT-018408,1.9434113287650998
PLOT-018240,1.582324908672001
PLOT-016511,1.8311687173946032
PLOT-015621,4.115732262506898
PLOT-016450,3.5463169382845963
PLOT-017455,3.0452954077744243
PLOT-016554,2.658109785572526
PLOT-016292,2.247657289337953
PLOT-016106,1.2078308109379916
PLOT-016600,1.7164175589977313
PLOT-016409,5.201462150393143
PLOT-015132,2.935709059438709
PLOT-016851,0.806823917962604
PLOT-016124,2.789882928196778
PLOT-016036,2.1403098184459037
PLOT-015644,4.414572396692353
PLOT-015778,1.4783931314945171
PLOT-016447,3.7395455652299976
PLOT-018162,1.5391271364372665
PLOT-017716,3.0240909304253862
PLOT-017552,2.7851860731496805
PLOT-017314,1.872712449075748
PLOT-018456,3.653055692455154
PLOT-018366,0.31374998897456513
PLOT-017516,0.9086639805721731
PLOT-017745,3.6512648471541187
PLOT-016586,2.495752628980457
PLOT-015117,5.849728958969784
PLOT-018642,0.881607078999585
PLOT-016192,1.743987260498279
PLOT-017603,4.98835227766807
PLOT-015563,1.7601497168918154
PLOT-015722,3.3938809550834437
PLOT-016418,2.5661242432955444
PLOT-015490,3.235643744593445
PLOT-016070,3.1949155726328433
PLOT-017280,3.0776545041106362
PLOT-018148,1.6793824148647547
PLOT-017185,3.04597940015179
PLOT-017320,1.7514973524846698
PLOT-017461,1.587538380348527
PLOT-017222,1.7950069952486698
PLOT-016458,3.6402791601609197
PLOT-017706,2.713558657234906
PLOT-018415,2.3261139113820963
PLOT-017068,3.573806389269047
PLOT-017350,3.1567022746974587
PLOT-015609,3.7980127448885916
PLOT-016538,2.9241334010733993
PLOT-016455,2.998802917497678
PLOT-017436,1.3365818225296564
PLOT-017021,3.6109403240420024
PLOT-015997,1.5850969791903988
PLOT-015576,2.09591150410637
PLOT-016163,2.826932613372584
PLOT-015019,3.1799913906624084
PLOT-018325,2.8112549017115045
PLOT-017906,2.8067915927271434
PLOT-017751,1.7072117287514776
PLOT-016274,2.8117451378785256
PLOT-015755,2.144731257088803
PLOT-015754,3.5796238673963114
PLOT-017451,1.7433397936622586
PLOT-016327,0.5498973675867155
PLOT-015639,1.2632153159657222
PLOT-017749,6.779138869092639
PLOT-015043,2.1146350002736556
PLOT-015007,2.3964397049024093
PLOT-018070,2.9373501481849495
PLOT-017383,3.9215126833169154
PLOT-015471,0.9089168642445273
PLOT-015421,2.49847474991367
PLOT-017310,3.220743291482912
PLOT-015189,3.1870724813989826
PLOT-018619,3.6540168066707075
PLOT-018662,2.1479328121661507
PLOT-015905,2.300832868455252
PLOT-017729,2.5318550179448525
PLOT-018049,5.525821755960412
PLOT-018258,5.808827479338616
PLOT-015464,5.3351598185772495
PLOT-017950,2.8255109050908973
PLOT-017629,2.896462490611128
PLOT-018281,0.9720047189217632
PLOT-017334,2.112792421782505
PLOT-016435,4.250080898250791
PLOT-018689,0.28063973768172307
PLOT-016965,3.280399324129203
PLOT-015065,1.9558498390077976
PLOT-017043,0.8665078425834672
PLOT-017373,0.9145582176035985
PLOT-015432,2.4602806118760516
PLOT-016432,1.90342537410034
PLOT-015101,2.3162772336544353
PLOT-015048,1.7411431973397726
PLOT-018103,1.2498790006081046
PLOT-018214,1.951447996759115
PLOT-016847,3.2337183747834226
PLOT-018171,2.8953239201905845
PLOT-017285,2.4118646041959297
PLOT-017385,1.2396560989777274
PLOT-016777,3.15259980606998
PLOT-017695,3.7647880455068874
PLOT-018153,2.295659977922605
PLOT-015828,1.577149232539991
PLOT-017355,3.1300001220296885
PLOT-015129,6.274369662808112
PLOT-018054,4.154495806111378
PLOT-017085,4.024667154117596
PLOT-015849,3.047363322165651
PLOT-016953,4.135194263151154
PLOT-015315,1.2440154465656585
PLOT-016647,2.8522102999496775
PLOT-015237,2.0411604398393592
PLOT-018319,2.0019051054016592
PLOT-016873,0.7738964078213926
PLOT-017974,4.376066404307553
PLOT-018443,3.4917669725877176
PLOT-018365,1.0363203272813608
PLOT-017505,1.1024326256473718
PLOT-015522,1.9442443536676728
PLOT-018745,2.3359385706504483
PLOT-015054,1.6275522122223358
PLOT-017102,3.4532182119682617
PLOT-018242,3.7377298646496637
PLOT-017265,6.221434182333036
PLOT-016109,2.6589190959152824
PLOT-018447,4.7082218059547305
PLOT-016193,2.2416205447527475
PLOT-016481,1.21519818196917
PLOT-015382,2.299097127713425
PLOT-018343,3.309634773801236
PLOT-017919,3.497331649203201
PLOT-015157,5.16991867486203
PLOT-018502,3.0373261821352635
PLOT-017858,2.113679450259581
PLOT-015558,1.6850236923421331
PLOT-015835,3.3114045804685834
PLOT-018622,2.1034898179555745
PLOT-015463,3.661835700781666
PLOT-018368,1.3120768754376892
PLOT-018391,1.1037312157347108
PLOT-018371,0.9109454450465712
PLOT-016991,2.3107002653858433
PLOT-017973,5.889067717271537
PLOT-018296,3.2377674372241176
PLOT-017471,2.6967341849248037
PLOT-017186,0.5040245194078622
PLOT-017409,1.8124661704111844
PLOT-016874,2.4082531739594346
PLOT-016806,3.00557385424493
PLOT-015595,5.272934164616777
PLOT-016085,0.5531118273978491
PLOT-018020,3.127795052474707
PLOT-018746,5.470449537602172
PLOT-016815,2.5039252792955167
PLOT-016770,2.722385442753555
PLOT-017325,2.6985099406993553
PLOT-017782,3.99789477761157
PLOT-015367,3.9221013232319857
PLOT-016232,2.188563819945087
PLOT-018220,2.6457138769831987
PLOT-016601,0.9158731353264487
PLOT-016877,2.859974789659251
PLOT-016671,2.3254097420884414
PLOT-015097,1.3259784702936064
PLOT-015860,0.7240057026571256
PLOT-015364,1.6048972784262192
PLOT-017091,2.4767560442890977
PLOT-015381,1.8707451000827087
PLOT-018647,4.92228155505546
PLOT-018469,3.12249335038201
PLOT-017336,1.584554173565836
PLOT-015028,1.7790865630945583
PLOT-016098,1.1002912762739976
PLOT-015447,5.381866749208692
PLOT-017820,4.149239738053949
PLOT-015820,2.6281676461643575
PLOT-018170,4.301082504544695
PLOT-017406,3.261299282036831
PLOT-017123,2.47624195047791
PLOT-017638,3.5567679145227236
PLOT-017678,2.240022597880581
PLOT-017195,1.6072337349455403
PLOT-016622,1.7581023909610418
PLOT-018173,2.2081016819096884
PLOT-015721,1.6651799878922025
PLOT-017714,1.5767006318667427
PLOT-017539,2.7368289254994056
PLOT-018397,2.5367006023420156
PLOT-017423,2.0461065840231103
PLOT-016691,1.252556346534388
PLOT-016642,1.1906768493595232
PLOT-015779,2.4329210943252266
PLOT-017196,2.7597396353572776
PLOT-016023,1.9340415630157433
PLOT-018288,0.5617392020970424
PLOT-015004,2.2407001871690078
PLOT-015428,1.2903641166340512
PLOT-016947,2.155364321258284
PLOT-018660,2.124224238674751
PLOT-016467,2.446414790509272
PLOT-015516,1.0893285206138494
PLOT-017573,3.4465139209813187
PLOT-018058,3.2451083207469544
PLOT-018416,3.122034955034718
PLOT-015350,3.3312346696941653
PLOT-016805,3.003771523071771
PLOT-018191,2.322076323452672
PLOT-016683,3.6137527538825176
PLOT-015660,2.2518271288242864
PLOT-018430,1.8612776352172968
PLOT-018005,0.578957402878411
PLOT-017837,6.194087025097442
PLOT-015899,2.450920896769983
PLOT-017525,2.188636587082205
PLOT-017969,2.9190434509631578
PLOT-015158,2.0746951488292518
PLOT-015383,3.1266587513669455
PLOT-016721,2.1401259552731386
PLOT-018356,0.7869295321486357
PLOT-015140,5.044674710403627
PLOT-015465,2.820832690447074
PLOT-017766,1.84718305895147
PLOT-018587,0.8921448868182381
PLOT-015299,1.9102046810252042
PLOT-015397,2.2859971925473017
PLOT-016615,6.238486093805824
PLOT-015934,3.627034612575727
PLOT-015887,2.6659059342223506
PLOT-017283,2.791984557199429
PLOT-018150,5.541824592147644
PLOT-016922,4.602809498380509
PLOT-016033,3.149772955238163
PLOT-016776,4.711803745439859
PLOT-018062,3.754797089431854
PLOT-016634,1.3938819302950887
PLOT-016048,2.8190229577058923
PLOT-018157,1.744309480007997
PLOT-017537,3.1112222638043705
PLOT-016528,1.2452584802810802
PLOT-018120,0.9232242831694853
PLOT-015846,2.0255420285305834
PLOT-015251,5.236834069225963
PLOT-017037,1.9602847677009152
PLOT-018669,1.9606532579884217
PLOT-015806,4.355694117368293
PLOT-016552,1.6733698867721187
PLOT-017966,2.3278112195167844
PLOT-015715,0.9995358385636697
PLOT-015336,2.1132949396347014
PLOT-016659,1.9501312299568576
PLOT-015987,4.034388303821615
PLOT-018505,2.6013418488574214
PLOT-017993,2.7459445238585576
PLOT-015195,2.380340154673041
PLOT-017732,4.559155333661789
PLOT-017551,1.5529826262440718
PLOT-016857,2.1462977913454906
PLOT-016044,1.5687065631059498
PLOT-015279,3.3942337302634544
PLOT-015096,3.8554400316235307
PLOT-016521,2.264414948867758
PLOT-015441,6.044156559779955
PLOT-016196,2.74849652516475
PLOT-016812,3.1284128958810498
PLOT-016796,2.816111163199459
PLOT-016042,2.452800470169561
PLOT-017922,3.0433643741523233
PLOT-018247,1.9177656875780837
PLOT-017132,2.823896303869672
PLOT-015330,1.1085837399968141
PLOT-015392,3.6560803863384796
PLOT-018601,3.1443519505758704
PLOT-018315,1.5843102415551802
PLOT-016515,5.161556822572193
PLOT-015861,2.943373182588554
PLOT-015745,2.5311781193685743
PLOT-018347,1.40120807133196
PLOT-017878,1.645709898342176
PLOT-016111,2.055002318656138
PLOT-015327,3.7159762012093553
PLOT-016119,2.1883072051228534
PLOT-016088,3.370605175995613
PLOT-016897,4.492786584318387
PLOT-017958,1.0664108111456452
PLOT-018625,1.8004612477924822
PLOT-018595,1.5295727075880698
PLOT-015003,2.267882782252755
PLOT-015594,3.324166042002505
PLOT-018522,4.247635399160812
PLOT-018290,2.3389903347197882
PLOT-016490,3.0190090587505423
PLOT-018277,2.592279158776462
PLOT-016870,1.3814776460166722
PLOT-015549,2.884402666661573
PLOT-015556,4.493984912893303
PLOT-016358,1.6153805505762295
PLOT-018163,2.2641226319096632
PLOT-015541,4.0960994279767835
PLOT-018433,3.5074312396809137
PLOT-015252,4.171901506783409
PLOT-015264,2.28321665048207
PLOT-017622,0.8067349217921934
PLOT-016471,1.7479594584874167
PLOT-016234,2.5706207779550363
PLOT-018679,4.038617835331877
PLOT-016401,0.08355799995789809
PLOT-016853,3.9228062427009354
PLOT-017094,3.927280845050299
PLOT-015918,3.6054163724217894
PLOT-018310,1.839448581239761
PLOT-016064,2.9553235834951863
PLOT-016533,2.4589372499828293
PLOT-017579,3.1094367552791247
PLOT-015300,4.7602906278829185
PLOT-017743,2.1776682817329633
PLOT-017326,1.692115595784361
PLOT-018033,2.711096647510875
PLOT-015553,3.0209862974487134
PLOT-016512,1.3807076517415602
PLOT-018260,2.369797915615278
PLOT-015467,1.992648454977146
PLOT-015344,2.8157991584144275
PLOT-017508,2.1936758167766683
PLOT-018654,2.6136999315111655
PLOT-018513,2.7183985243067443
PLOT-017654,4.207024485158548
PLOT-018031,2.11125904791013
PLOT-016417,0.4927139823728113
PLOT-017673,1.429190661194428
PLOT-017028,3.1537640579700477
PLOT-016448,4.669711794807984
PLOT-015166,1.5052224095972526
PLOT-016706,1.167230176399683
PLOT-016338,3.6397758058632683
PLOT-017441,0.7007620082721389
PLOT-017307,6.962326983258677
PLOT-018004,2.2548194678891886
PLOT-018189,2.857098370283455
PLOT-018221,1.500273025927929
PLOT-015439,2.672348094479927
PLOT-017288,4.689347451234098
PLOT-015021,2.57709760036933
PLOT-018060,3.36660375506181
PLOT-017401,2.337671983482683
PLOT-016079,1.007929206584139
PLOT-016918,0.49888327959071405
PLOT-018279,0.7329112378174195
PLOT-017215,3.743922862455243
PLOT-017883,2.5249218282203914
PLOT-016227,4.622354130389619
PLOT-018193,2.482165298217974
PLOT-016650,3.252130221648361
PLOT-017073,3.6963783907518435
PLOT-016213,2.001637794755319
PLOT-016544,2.065250026082833
PLOT-016807,5.966657312752784
PLOT-015313,4.289154325042998
PLOT-015487,0.9797220566449073
PLOT-015229,3.923688667934743
PLOT-017570,2.679047703679734
PLOT-017149,4.2051040553362915
PLOT-017512,1.9703688814292368
PLOT-017415,0.9189376861067918
PLOT-017671,2.5578661340142497
PLOT-015286,1.8488507325619252
PLOT-017416,1.487702487523624
PLOT-016698,1.1147685611442935
PLOT-017791,4.455641233764495
PLOT-016653,3.080399076098823
PLOT-016901,3.625306387027927
PLOT-015810,3.961470623317374
PLOT-016693,3.089016998645735
PLOT-017795,3.632716879089138
PLOT-015431,1.9537989210086506
PLOT-018618,2.2020722479345576
PLOT-017691,1.4728790566526286
PLOT-018688,2.929682162751862
PLOT-016368,2.3797991866083215
PLOT-015620,0.9363277963308434
PLOT-017145,3.0665680152296546
PLOT-016520,4.193596397225417
PLOT-017880,3.0173420260141897
PLOT-015936,2.17015037259636
PLOT-016205,2.6024284012658887
PLOT-016202,2.7941106225471137
PLOT-018695,1.97237122819392
PLOT-018377,0.7589783697238797
PLOT-018578,0.780345115871665
PLOT-015130,2.0332183406863
PLOT-015521,2.1345326032420937
PLOT-015955,6.848134329277805
PLOT-015913,3.544119594304251
PLOT-015859,3.5645349177380785
PLOT-016854,2.3414244466696217
PLOT-016315,2.6371573551691934
PLOT-017154,3.755696500248355
PLOT-018613,1.9847769461408797
PLOT-015127,1.9883799677669958
PLOT-015284,4.067955544649834
PLOT-018138,3.481778090017888
PLOT-015978,3.0390632193012177
PLOT-015623,4.503026156467819
PLOT-018735,3.6128546817097558
PLOT-015688,2.7441981825967634
PLOT-017370,1.1497839548096904
PLOT-016366,2.715509689910854
PLOT-017500,2.2825997248830023
PLOT-015995,1.8473259748977546
PLOT-018380,4.169531922391053
PLOT-017850,0.8770956319069798
PLOT-018112,1.2212346086071804
PLOT-017267,2.2402818367596136
PLOT-015610,2.978324466782015
PLOT-015458,2.9732609184327408
PLOT-017785,1.9555898933312896
PLOT-018676,2.918066268601209
PLOT-017158,1.1856858702844393
PLOT-015462,2.1890326403392644
PLOT-016573,3.18840199599467
PLOT-015792,0.6884384036563704
PLOT-015504,2.424451457398721
PLOT-015308,5.414996391927917
PLOT-017193,2.6743019907668235
PLOT-015363,4.601250720284106
PLOT-015579,1.6970927882014284
PLOT-015105,1.2591375839103245
PLOT-016705,2.816699780970736
PLOT-017862,1.5931552345570095
PLOT-016132,2.764011367431051
PLOT-015507,2.1513153829035536
PLOT-017268,2.451539032038231
PLOT-016011,2.370486846448616
PLOT-018604,5.4757471269409645
PLOT-015946,3.0404883782207626
PLOT-018284,2.702533809568087
PLOT-017040,0.5886957207364462
PLOT-018444,3.345826389391347
PLOT-017206,3.3064031734285884
PLOT-016336,1.473283561174733
PLOT-018381,0.8663380636709593
PLOT-017522,1.5046414582554524
PLOT-017613,3.1350367899629914
PLOT-018439,3.903895143851189
PLOT-015188,1.788214400185742
PLOT-016793,4.113083706107168
PLOT-017261,2.1522103664781347
PLOT-017657,1.4718504971269961
PLOT-017609,3.3038140453277274
PLOT-017589,3.680298577955948
PLOT-018624,1.7662878724249866
PLOT-018576,2.731534362940131
PLOT-017635,2.3850861232409764
PLOT-018175,3.39305304866942
PLOT-017886,3.277918084477524
PLOT-016959,1.3017915762094951
PLOT-015976,2.0019288690491677
PLOT-016707,6.638003022556899
PLOT-017290,1.6040878144657615
PLOT-017255,1.7175178922769234
PLOT-016818,2.2699355330317412
PLOT-015862,4.35026731892606
PLOT-016173,1.1411439907828709
PLOT-016651,3.7343462332039388
PLOT-016340,5.420956450651887
PLOT-018546,1.7093389573516138
PLOT-015281,1.1143593371894234
PLOT-016509,1.930667356352227
PLOT-016832,1.2486352372307352
PLOT-017571,1.9086416938263835
PLOT-016115,0.5774928653227228
PLOT-015353,1.593868198094519
PLOT-016034,0.6818160167211835
PLOT-015731,4.207051167021488
PLOT-016445,1.3311892274055843
PLOT-015702,1.350870494311791
PLOT-018635,3.726049686143794
PLOT-018691,1.5546397890740018
PLOT-018194,3.1565812382574374
PLOT-015160,5.912921312559717
PLOT-018154,1.829470073812508
PLOT-016881,3.30524165408042
PLOT-018206,1.4439095567318556
PLOT-018742,3.1647132493531154
PLOT-016678,1.5722336768079204
PLOT-016137,4.471064529580063
PLOT-016385,2.7957105925705665
PLOT-016198,0.5496028877747098
PLOT-017237,2.3215861844749703
PLOT-015501,1.9299189646813064
PLOT-017076,1.6719255451641883
PLOT-017376,4.326255685810496
PLOT-015162,2.715951693059969
PLOT-018700,2.534190439717894
PLOT-017152,0.7337270969697162
PLOT-017358,1.5500462738405965
PLOT-015185,2.210638200463419
PLOT-015459,1.3114789856438318
PLOT-017057,3.085112771969387
PLOT-017387,1.5973618001655454
PLOT-016007,2.579450509978301
PLOT-016008,5.522206719108837
PLOT-017588,1.6954433185041795
PLOT-018237,1.9895582077931344
PLOT-018374,5.53035670461488
PLOT-017388,2.139917670928132
PLOT-016890,0.9211814189827292
PLOT-017270,1.8167185025150476
PLOT-016287,2.110718479729669
PLOT-015368,2.4659461212972826
PLOT-016168,2.046420311291573
PLOT-016402,3.079945450251557
PLOT-016925,4.067247559993598
PLOT-016318,2.2234091221463
PLOT-015493,1.964975171425573
PLOT-015231,2.7388608872178724
PLOT-017623,1.955759094395899
PLOT-015333,1.7883983144095161
PLOT-016475,2.913738643392934
PLOT-017882,2.4309289845961253
PLOT-015788,1.9612099169224864
PLOT-016138,2.785571539575916
PLOT-018082,4.6469047786517725
PLOT-018131,2.7695832808796976
PLOT-017694,2.762293136021901
PLOT-017868,1.2504174993658361
PLOT-015380,2.052498705705371
PLOT-017554,4.4685367344663405
PLOT-017713,2.0626823680200634
PLOT-015067,3.9009353787100483
PLOT-016979,1.374337616686284
PLOT-017271,3.1642108075060915
PLOT-016882,0.7667167643510259
PLOT-015477,2.497736355343542
PLOT-018069,0.6713387503605378
PLOT-017976,4.237742429448737
PLOT-018048,2.9661219612196477
PLOT-016172,2.4114542513640416
PLOT-018086,0.6871741220930329
PLOT-017599,1.065825629105375
PLOT-016281,0.9885783821636681
PLOT-015425,1.74365600944139
PLOT-016602,0.9438385700780524
PLOT-017224,2.0281199324243095
PLOT-015207,4.267145421110273
PLOT-016333,1.8792208470016092
PLOT-015199,2.4925882685079475
PLOT-018659,3.9504238397354428
PLOT-018556,2.795591192760446
PLOT-016938,2.8590546652497095
PLOT-015881,3.666400549577353
PLOT-015143,2.9351846162616764
PLOT-016772,1.1636983529506895
PLOT-016580,1.6260860341706613
PLOT-018580,2.3259491539597326
PLOT-015249,1.6124507338042873
PLOT-018294,2.115402122744139
PLOT-017392,1.818338637050595
PLOT-016454,3.462577325704449
PLOT-017424,3.0538274278299053
PLOT-017633,0.8632975656361369
PLOT-015417,1.6707411313236347
PLOT-018569,2.205486763955548
PLOT-017722,2.4126022012851838
PLOT-017669,2.7115191196445014
PLOT-017245,3.081125089712801
PLOT-017515,1.4397237174228708
PLOT-017357,2.0859071478816467
PLOT-017972,1.3856776456476707
PLOT-018230,1.321402322443735
PLOT-017979,1.8970407293968492
PLOT-016128,1.0377849490981113
PLOT-016522,1.1167700796668352
PLOT-017495,2.1165382426965076
PLOT-017483,1.804255605341385
PLOT-016485,3.3203156358652146
PLOT-016990,5.153029080853439
PLOT-018043,5.075310594281199
PLOT-015912,3.152805836439045
PLOT-015326,2.6441050877461025
PLOT-017171,1.0363484965272163
PLOT-015083,1.6954048066089118
PLOT-015765,2.9851821283393956
PLOT-017422,3.477755020989788
PLOT-017676,3.0051911731204024
PLOT-015102,2.006348987773038
PLOT-015146,1.8295743374788143
PLOT-016133,2.2931178406937587
PLOT-018064,2.8903331887074337
PLOT-015394,2.7915787951477697
PLOT-018384,4.949021471550322
PLOT-017217,3.5479716236669576
PLOT-017805,2.178024326838834
PLOT-018557,3.1035859114172366
PLOT-016221,2.2739981066124466
PLOT-017317,1.8704482595217087
PLOT-017869,3.3355861689083444
PLOT-018682,4.938244399971528
PLOT-016288,2.3308849618489154
PLOT-015321,0.9321369684721686
PLOT-015111,2.5799484848162657
PLOT-015588,3.151121444335214
PLOT-016957,3.5213926993546742
PLOT-018219,2.8703704033000323
PLOT-018705,1.4498669363090777
PLOT-018074,1.8195687215481755
PLOT-017616,0.9973072527375093
PLOT-016478,2.8985570186830363
PLOT-017397,3.2664841398586613
PLOT-015136,4.029659977591957
PLOT-016158,3.0444406799758665
PLOT-015653,4.828293345983169
PLOT-017391,2.5733561408813737
PLOT-017431,3.9414038176854973
PLOT-017935,4.7811311823461855
PLOT-018019,4.912664013350337
PLOT-018146,2.886767982991768
PLOT-016047,2.672764170452879
PLOT-017661,3.8990074181941403
PLOT-017547,2.628641050405758
PLOT-016530,3.2058119510845415
PLOT-015930,0.7626133951853158
PLOT-016464,1.987027937344983
PLOT-016875,1.773705963523226
PLOT-015220,2.3071510898036727
PLOT-017136,4.157155008381292
PLOT-015927,2.733655886854264
PLOT-017463,3.578413794255618
PLOT-016453,3.8276178920391914
PLOT-017540,1.3989083283206198
PLOT-017788,2.85504681720178
PLOT-016945,1.9887167671594324
PLOT-017684,5.979123172064959
PLOT-015533,1.0055626580725159
PLOT-017901,4.135654746415325
PLOT-015606,1.5540114268441836
PLOT-015074,5.26709839165324
PLOT-016764,3.43925648926024
PLOT-015648,2.0132427097197634
PLOT-017653,2.0568086406699324
PLOT-016322,2.1154048269673327
PLOT-016576,2.7690846682866357
PLOT-017209,1.3528740201685192
PLOT-015113,2.2708769532931457
PLOT-017963,1.9871594303453284
PLOT-015986,2.391947841193626
PLOT-018126,1.5895168604110586
PLOT-015747,2.7255624406704135
PLOT-016863,1.6984316231511023
PLOT-015222,5.234547531979208
PLOT-015518,2.348834351415521
PLOT-016348,2.647706738895512
PLOT-016502,1.6398212980968567
PLOT-017666,2.361750110736486
PLOT-016665,4.070821527195825
PLOT-016555,1.9652887931068996
PLOT-018528,2.9508494998967927
PLOT-017725,3.1613627724194475
PLOT-015035,2.056930729038999
PLOT-015830,2.4221073293063
PLOT-017175,2.6426985893889126
PLOT-017631,2.2607241892065417
PLOT-016761,2.252572024854901
PLOT-015347,0.7180892794973851
PLOT-015167,0.9454679205199836
PLOT-018253,3.6673870275343856
PLOT-015116,2.0703490810126177
PLOT-015530,3.5902415112485264
PLOT-016394,1.1507245316264594
PLOT-016028,2.6037294828174398
PLOT-018599,2.481088219985424
PLOT-017445,2.0983511440327702
PLOT-018529,3.525809931547794
PLOT-017872,4.234610207014761
PLOT-018550,1.9539592332642752
PLOT-017659,0.781241250601185
PLOT-017702,2.3739166295792513
PLOT-016779,2.823444165040894
PLOT-016025,2.2999779744203663
PLOT-015081,4.0993756771604755
PLOT-017162,3.287643749788703
PLOT-017030,1.2559423701529193
PLOT-018728,1.5029206692258357
PLOT-018180,3.530981480520837
PLOT-016476,3.9964874666518004
PLOT-018197,1.216970581759407
PLOT-016477,1.052672827902895
PLOT-017510,3.0663238689177366
PLOT-018582,2.0760691656410875
PLOT-016886,2.1448293765561517
PLOT-018231,2.773033898516707
PLOT-016629,2.5592286750027813
PLOT-017464,4.210323852779929
PLOT-015040,3.43345051825754
PLOT-016704,3.7972380563920787
PLOT-018308,4.137538484439894
PLOT-017859,2.755304281609385
PLOT-015311,2.930204393414043
PLOT-016631,2.231357683298997
PLOT-017218,2.644718446941053
PLOT-017067,3.021658143024841
PLOT-016426,3.607867766044318
PLOT-017002,1.8878027647585198
PLOT-015357,2.251965929676229
PLOT-018473,1.8360218117679206
PLOT-018372,1.5594599336305175
PLOT-016827,1.3141621889308384
PLOT-015128,1.7123920056814692
PLOT-016009,4.52833399887728
PLOT-016813,0.7642491943600163
PLOT-017244,3.0584779974693346
PLOT-015657,1.2935822973800675
PLOT-016246,2.8185403091111105
PLOT-018472,1.8566074719087955
PLOT-015201,1.8641880974165408
PLOT-018543,4.594150532989769
PLOT-016421,2.191140066130535
PLOT-018190,3.225994750417272
PLOT-017757,2.355199941481483
PLOT-018545,2.0609167852431893
PLOT-017964,0.9714359188274237
PLOT-015593,3.6926751954929506
PLOT-015970,3.82757813553954
PLOT-015202,1.8455827086158432
PLOT-018137,1.7240145702524325
PLOT-016974,2.053187432151691
PLOT-017480,1.0694177435434524
PLOT-018524,1.297428585153922
PLOT-017382,2.81255372232658
PLOT-017252,1.5743965889859657
PLOT-016980,1.4856736330839955
PLOT-018427,1.564782055745939
PLOT-017941,4.172983761027187
PLOT-016187,2.50326064873241
PLOT-015351,2.5946816133518915
PLOT-016755,4.645119165965
PLOT-016595,1.687679308625543
PLOT-015042,3.2000811434317957
PLOT-018026,2.5605958464399614
PLOT-016273,4.951446831734789
PLOT-015574,1.9439319092054004
PLOT-016920,3.725961674157127
PLOT-018224,2.331542356718484
PLOT-015856,2.7624696461293277
PLOT-017141,3.3566993592353533
PLOT-017047,0.9244858849905998
PLOT-016808,1.006288588069527
PLOT-018125,0.7608714658855467
PLOT-016898,5.446757698092442
PLOT-016846,2.896938335994708
PLOT-015875,3.612076469200957
PLOT-015103,1.370824996483311
PLOT-017506,2.6412581493431317
PLOT-015604,1.6922117447605247
PLOT-018597,1.4124489010549504
PLOT-016233,2.648160391191551
PLOT-017959,6.084886463349068
PLOT-016433,2.172870947506274
PLOT-015384,2.252423211062071
PLOT-015893,4.2772140614324865
PLOT-015056,4.074273809949579
PLOT-015711,2.0181322590162862
PLOT-018461,1.8223742985229385
PLOT-015355,3.1570138286972624
PLOT-016842,2.506567574513492
PLOT-016018,1.582358198257032
PLOT-018645,1.269152990756092
PLOT-015307,5.804058971921324
PLOT-015813,1.1033030858720134
PLOT-015041,2.063839839792842
PLOT-018421,3.080827500998199
PLOT-016405,4.87961567402222
PLOT-016681,4.461283125444724
PLOT-015882,2.621380678846599
PLOT-017220,0.8135035415791829
PLOT-015698,2.1040902933427077
PLOT-017364,2.0568336899878177
PLOT-018233,2.294403843398824
PLOT-017051,4.194956458389976
PLOT-017378,2.9915390610647465
PLOT-015215,2.729908980257456
PLOT-017146,2.4893830566792077
PLOT-016370,1.9726646171615752
PLOT-016566,0.7167316931215808
PLOT-018702,2.8741280888460277
PLOT-017360,0.9024591254758594
PLOT-016516,1.1330026548250391
PLOT-016766,2.8943707337606064
PLOT-017452,1.5748938979910516
PLOT-016037,2.05090679908873
PLOT-016510,2.6755847712042775
PLOT-015411,3.6793278281432458
PLOT-017981,1.0878019320372605
PLOT-016301,1.6377124220466177
PLOT-016296,2.1096389498209076
PLOT-018498,2.216152445032505
PLOT-017601,3.0097439757756606
PLOT-018566,3.902156254038937
PLOT-015758,2.9004388284884715
PLOT-017212,3.1968961094707646
PLOT-016317,2.189966245319026
PLOT-015073,4.8895657603414335
PLOT-015025,2.214303969882968
PLOT-017208,3.2595992664386295
PLOT-016126,4.101174249355317
PLOT-016139,0.8752521720630246
PLOT-015505,1.9972103132380907
PLOT-016560,2.2397254375436053
PLOT-017230,3.284129333088956
PLOT-016120,2.416326310618405
PLOT-018414,0.9721003139253034
PLOT-015586,1.9812184813364082
PLOT-017909,3.626899564854417
PLOT-015611,1.549997798615132
PLOT-016089,2.3856070321587386
PLOT-016535,2.9757872942168295
PLOT-016408,3.8149838618106955
PLOT-015348,1.3711182541277134
PLOT-015885,2.6104663626533187
PLOT-018644,2.6672034088609275
PLOT-018087,2.5607986426442553
PLOT-015782,5.7921901345689255
PLOT-018246,1.9999141482995135
PLOT-017458,4.051974100893244
PLOT-015629,2.9188860743565885
PLOT-015408,3.0957774374242235
PLOT-015164,2.9432157673117634
PLOT-017957,2.2891419972651055
PLOT-016969,2.0898290621749585
PLOT-016649,3.767469368759528
PLOT-017380,3.0146661440609153
PLOT-016087,2.6037206467034264
PLOT-018572,1.922959368809776
PLOT-018101,2.398735332157941
PLOT-017389,3.682675086124055
PLOT-018709,4.245351302662714
PLOT-016754,0.8526109120653845
PLOT-015294,1.7464223192486366
PLOT-015965,4.511759985556112
PLOT-016822,3.3476396757030655
PLOT-018234,2.178117259242238
PLOT-015528,4.737776124331277
PLOT-016968,2.4603395366403853
PLOT-015027,2.372638042164808
PLOT-017478,5.829413392695194
PLOT-016673,4.510188418057172
PLOT-015274,4.781955997238224
PLOT-016072,3.538305279078622
PLOT-016074,3.6439880541754106
PLOT-017356,0.8941658854027146
PLOT-017494,2.9622111832958673
PLOT-017405,3.3493305243158926
PLOT-017774,3.3769707923142946
PLOT-015585,2.0972123875711874
PLOT-015837,3.0324142696511585
PLOT-015710,5.771464883642287
PLOT-017819,1.570891142974824
PLOT-016250,2.2141629607270983
PLOT-016437,2.428645180720787
PLOT-016553,4.261878373837789
PLOT-015816,3.494726288018635
PLOT-018694,1.0655792508457604
PLOT-017427,7.435645541504453
PLOT-015957,1.8799076912799701
PLOT-015302,4.149601390823251
PLOT-018289,2.4587678148232976
PLOT-018636,2.986525177024426
PLOT-016063,3.1893485813595794
PLOT-015872,2.5760891644542157
PLOT-018271,2.7573435622981584
PLOT-017861,2.2628466325351746
PLOT-017936,3.85951299416115
PLOT-015923,2.0169347377131595
PLOT-015059,3.8642849374495594
PLOT-018014,4.138066184753535
PLOT-018420,3.6205994942997446
PLOT-016975,2.85087477662867
PLOT-015023,1.9187157998229187
PLOT-017474,1.5813795287827122
PLOT-015683,3.2008900885072773
PLOT-018512,4.213260977122881
PLOT-018483,1.6948400712912441
PLOT-017056,1.5076625575974025
PLOT-015228,3.5515837330643376
PLOT-015489,2.07786789071781
PLOT-018201,0.9617644047729988
PLOT-015829,2.1122880911034603
PLOT-017784,2.0516936927694753
PLOT-015385,6.138523936314539
PLOT-015015,2.2844175443453594
PLOT-017399,2.9812103773056924
PLOT-018541,3.5811580871921653
PLOT-016388,2.2725102778809187
PLOT-018041,1.1518112381578693
PLOT-016588,0.9602770287890042
PLOT-018445,2.39824748533035
PLOT-016751,1.6888818982190008
PLOT-016150,3.3630848975853
PLOT-016304,4.2379621941130114
PLOT-016231,6.794217473480105
PLOT-016792,3.049297394855925
PLOT-016269,3.1847177174756593
PLOT-018474,1.4765697041796386
PLOT-015497,3.8466055582549252
PLOT-015352,2.8581653082290353
PLOT-016838,1.2821566212172284
PLOT-015001,3.1042027607504585
PLOT-015285,1.7324777613172502
PLOT-016646,3.0144823312895355
PLOT-015783,0.8217176701459931
PLOT-017462,1.0386287009295998
PLOT-018321,3.7786746960694697
PLOT-015068,3.044791860266014
PLOT-015403,3.223928930137358
PLOT-015797,1.3932284608364696
PLOT-018725,2.69908421300236
PLOT-018021,2.329293000712789
PLOT-017023,4.138018300603193
PLOT-015177,1.6070769293075657
PLOT-015953,1.8338645695613154
PLOT-017139,3.010137622177711
PLOT-016200,2.6411944653943826
PLOT-017843,2.2564222148692363
PLOT-017300,1.565170262750302
PLOT-016756,2.204563214334433
PLOT-016577,4.03146649868672
PLOT-017241,3.0816853990053112
PLOT-017852,3.01685988999944
PLOT-016507,1.9877067337162817
PLOT-016497,3.444656726144345
PLOT-017688,5.239862149569252
PLOT-015538,1.0795183848589616
PLOT-016330,1.8104230280793683
PLOT-018207,2.728339052532539
PLOT-018459,5.225473338464274
PLOT-016488,3.924587719138886
PLOT-017018,2.4754167942119563
PLOT-016744,2.578423004466394
PLOT-017920,1.0574031766684127
PLOT-017408,2.9155878217554005
PLOT-018431,1.3146351746029323
PLOT-018563,3.9273843644990656
PLOT-018596,6.497848404008458
PLOT-015948,2.2955380949459063
PLOT-015510,2.6843135194353187
PLOT-016393,0.9545501584213864
PLOT-016508,5.744328152212446
PLOT-017398,3.7946320353897707
PLOT-017808,2.979250163918527
PLOT-016331,1.614389185632052
PLOT-016309,5.22305450681724
PLOT-018002,1.3179466663815358
PLOT-017396,1.550130290823315
PLOT-017420,1.8083406650264877
PLOT-017544,3.957018674143628
PLOT-017354,1.7666570505901733
PLOT-017608,2.575595123889972
PLOT-015663,4.747365831215228
PLOT-015573,2.191853229704706
PLOT-017896,2.1320768715521017
PLOT-017372,2.8185405365875487
PLOT-018265,1.6195671925062396
PLOT-018151,2.9505987309056345
PLOT-017485,5.819873292934881
PLOT-017187,2.396558692005805
PLOT-017584,4.23321447717011
PLOT-017045,3.677876039408012
PLOT-015282,4.174306272163196
PLOT-015258,2.9841495549297012
PLOT-016811,2.1826695035720087
PLOT-016797,2.1444798991650504
PLOT-017604,4.200354374328927
PLOT-015725,3.689365152117704
PLOT-016636,1.9423219739391588
PLOT-015677,1.6996259615936498
PLOT-017489,2.6675549657177564
PLOT-016152,4.155728848537794
PLOT-016346,4.675835156262485
PLOT-015055,3.236997542687958
PLOT-017773,2.1674884143201982
PLOT-016411,2.780928323644648
PLOT-017755,1.3791533567368766
PLOT-017214,2.8616786906516993
PLOT-018583,2.607018396448226
PLOT-016361,2.6070351790723376
PLOT-015888,2.313099899357787
PLOT-018001,4.23203278444111
PLOT-016819,3.2834159547075465
PLOT-016972,0.7255942739293221
PLOT-015714,3.242939236422608
PLOT-018405,1.9067019944439727
PLOT-016056,4.047159560173907
PLOT-017286,2.5742097975187566
PLOT-017207,1.1458452497379028
PLOT-015617,0.6521579274143492
PLOT-015123,3.4649341297176637
PLOT-018205,3.322631721709523
PLOT-015334,3.140040551161682
PLOT-017816,4.15224287230747
PLOT-015304,4.990009897945789
PLOT-015980,2.528807001405929
PLOT-018329,1.9818734312529303
PLOT-015581,3.4508813446189692
PLOT-016616,3.519696772750999
PLOT-016194,1.8493177519563204
PLOT-016824,1.0526142673327
PLOT-016879,2.476123995802443
PLOT-016981,3.608960407185587
PLOT-016861,1.6126360388238126
PLOT-016350,0.6773320832423242
PLOT-015409,2.7752786431594445
PLOT-015675,1.3048343044632698
PLOT-015297,2.4498879551814685
PLOT-015925,0.4473150194278433
PLOT-015022,2.660912474878765
PLOT-018000,6.162181275042418
PLOT-017479,3.551441801799876
PLOT-015728,5.297892125826041
PLOT-016307,2.6910501814647882
PLOT-015671,2.0666031532667417
PLOT-016672,3.0989024581512514
PLOT-016199,1.9646504616659912
PLOT-018717,4.586349968260898
PLOT-018652,3.3892452810086002
PLOT-015293,4.147127827070935
PLOT-018730,0.8717241892273523
PLOT-015126,3.236382376608653
PLOT-017247,3.5107861238049614
PLOT-017578,0.8366087933505936
PLOT-017467,2.335588767000984
PLOT-015692,2.8805420460547824
PLOT-015686,2.6784929513991074
PLOT-015817,3.4815232320385014
PLOT-015216,3.3606051599682094
PLOT-015152,5.114808464974667
PLOT-017999,3.7430414233077878
PLOT-016992,2.962184831585366
PLOT-017605,3.5992786841008106
PLOT-017008,2.4614107987987537
PLOT-015478,3.857866275324891
PLOT-016282,2.5142159436869025
PLOT-016604,4.603309824741732
PLOT-017518,1.6370366223680783
PLOT-016666,3.033415136197805
PLOT-017962,4.453151775710913
PLOT-015812,2.56678832389143
PLOT-015250,2.114068671655198
PLOT-015843,2.858984920665052
PLOT-017125,2.1229006134479937
PLOT-017857,2.1897864900637205
PLOT-018640,3.1028656140655584
PLOT-015967,1.7273607232982933
PLOT-017885,2.7361470731146142
PLOT-015972,2.546334154569377
PLOT-016896,1.7293129639772622
PLOT-017235,0.6623559956881789
PLOT-015246,2.967161341363565
PLOT-017203,1.997197563186352
PLOT-018641,2.1873358910757865
PLOT-018307,1.794801643223503
PLOT-018379,2.7702157671131995
PLOT-017331,3.993742518427809
PLOT-018744,0.2970928697775331
PLOT-017585,4.195420773501854
PLOT-018272,2.3066711919030025
PLOT-016505,1.8695021634716211
PLOT-016345,4.521907185483252
PLOT-018091,1.006425227506474
PLOT-015975,2.912675952815821
PLOT-017686,1.8109371819502613
PLOT-016645,3.1631223651861062
PLOT-016679,2.1290699442662278
PLOT-017697,2.5598242206117887
PLOT-015122,1.7683439247568262
PLOT-016534,4.598125811862891
PLOT-018044,0.430277731478415
PLOT-018169,2.765050003511873
PLOT-017967,3.9912678985564902
PLOT-017100,4.0350861188686755
PLOT-015869,3.616678270962573
PLOT-018646,1.9598719856838036
PLOT-016030,5.2610190075338705
PLOT-015756,3.9806655319605033
PLOT-016998,2.9665999045766345
PLOT-016156,1.353699432409738
PLOT-017115,3.491374190633387
PLOT-017817,3.1169686565890458
PLOT-015332,3.1177841307888614
PLOT-016592,2.5091526405924753
PLOT-017384,3.0087759493385864
PLOT-016575,2.7160566124638774
PLOT-017683,2.6127945222219155
PLOT-015472,1.9531149451447638
PLOT-015901,2.5778108362692733
PLOT-015865,2.4603766206837325
PLOT-016329,4.928375556054835
PLOT-016342,3.848217042371912
PLOT-015741,2.5401087324366443
PLOT-018478,1.9830219665024058
PLOT-018291,3.302356772413128
PLOT-017180,2.599778577832827
PLOT-018484,4.656773718958611
PLOT-017562,1.6419647781519549
PLOT-016628,3.506126426740585
PLOT-017806,3.194307395327433
PLOT-017438,5.104407865504754
PLOT-016149,2.6889677130487653
PLOT-018045,1.751320586827958
PLOT-018164,3.2046662905254424
PLOT-015256,4.665689170432974
PLOT-015633,3.228220793928818
PLOT-017337,1.7794290411960838
PLOT-018009,1.8685731795360776
PLOT-015777,4.509639427822539
PLOT-017953,0.9576393850203919
PLOT-017101,1.6958521999648712
PLOT-015557,0.9437250162134238
PLOT-018481,3.726170283638533
PLOT-016985,2.291148616333938
PLOT-017088,3.469422274763317
PLOT-015261,2.9389615556933015
PLOT-017131,2.3363085965478634
PLOT-018011,4.142948111438175
PLOT-018040,3.259257999779255
PLOT-016889,2.9802473596227177
PLOT-017532,4.749587382726618
PLOT-017078,1.9751802779227041
PLOT-018034,4.559365539405982
PLOT-018436,0.895063932665836
PLOT-015208,3.496813771691191
PLOT-018349,1.4287455478157762
PLOT-016913,2.987104167775309
PLOT-016606,3.1569930798815533
PLOT-016020,1.0112568558049315
PLOT-018348,3.498998513032033
PLOT-016403,3.5975188918852554
PLOT-017555,5.87368364554476
PLOT-017096,1.2745420472097249
PLOT-015209,1.060260804566455
PLOT-015153,1.940291671638091
PLOT-017881,2.1504352599607692
PLOT-016590,2.800043683971241
PLOT-017442,3.355179196642831
PLOT-016147,3.4749110799055516
PLOT-016967,2.601638581695846
PLOT-017316,1.2517188355978939
PLOT-017433,1.8405224284178456
PLOT-016633,2.084373957300589
PLOT-017089,3.4363732473212076
PLOT-015597,3.560073527884254
PLOT-016931,4.749200214365447
PLOT-016656,3.1192683111250035
PLOT-015680,2.179123629909265
PLOT-016565,2.3804894803529937
PLOT-018275,2.593505092860156
PLOT-016328,3.027847959060688
PLOT-017087,2.4531610695188144
PLOT-017753,2.6045751111746975
PLOT-016518,3.094096542219303
PLOT-017287,1.9767079002386552
PLOT-018713,3.7884484582612235
PLOT-015221,3.8827080703249237
PLOT-015225,1.889168297525245
PLOT-018577,3.845152825359462
PLOT-018166,5.383800498436437
PLOT-017517,3.5765730237087126
PLOT-017642,1.9907617085342704
PLOT-017393,3.6018875335073997
PLOT-016760,2.974713288042518
PLOT-016360,2.199617706649018
PLOT-017324,2.289661517132267
PLOT-018155,5.123714120558858
PLOT-017802,3.068722495451679
PLOT-016492,5.255377411115111
PLOT-017744,1.5150498272286501
PLOT-017763,0.8857687702029167
PLOT-017009,3.679883717182641
PLOT-015205,3.125738742691262
PLOT-016027,1.935332723038611
PLOT-018540,3.329982406341919
PLOT-017596,1.3618129024202124
PLOT-016046,3.2275247265887796
PLOT-015693,3.7403243050816566
PLOT-017956,3.667893038948171
PLOT-018549,1.3085156221964547
PLOT-016186,3.519047741127193
PLOT-016369,2.974714554309342
PLOT-016907,3.054193903447467
PLOT-017726,0.9603806914586114
PLOT-015016,1.534976362940252
PLOT-017514,1.60025487529864
PLOT-017205,2.3364189082267557
PLOT-018729,1.9751082243471703
PLOT-016676,1.139886800260794
PLOT-016184,4.925244153847424
PLOT-017353,2.240567534672837
PLOT-015656,2.7257133939427645
PLOT-016571,2.4746298767634975
PLOT-016737,4.022661251861778
PLOT-016419,1.9949063848467525
PLOT-015399,2.5177429738469455
PLOT-015618,3.308521018993111
PLOT-015508,0.6850982666602405
PLOT-018106,4.41300962688721
PLOT-018437,2.834618895542755
PLOT-017960,3.761840403076875
PLOT-015867,5.375715480077536
PLOT-017507,2.422427524322398
PLOT-015886,2.6016702466006243
PLOT-017110,3.0080053061378114
PLOT-015599,4.935645764732907
PLOT-017658,3.8766944233877494
PLOT-015457,1.87365649844124
PLOT-017618,1.5677256503012134
PLOT-016117,2.728557861454095
PLOT-015870,3.739993251219985
PLOT-015790,2.588580577429152
PLOT-017260,2.6497279948937056
PLOT-015954,1.3641867390755347
PLOT-015650,4.588711919519946
PLOT-015733,2.5085634059268314
PLOT-018533,3.6322214057323925
PLOT-015379,1.4296390312159817
PLOT-017612,2.3992240927688187
PLOT-018030,2.9476390676141033
PLOT-015956,2.8663987674909506
PLOT-015171,2.1452151571436473
PLOT-016944,2.8082127167169078
PLOT-017279,2.650898262640588
PLOT-015659,2.974233595894386
PLOT-017430,3.284913240265079
PLOT-017528,0.9749304649585522
PLOT-017120,1.9853546786457807
PLOT-016094,1.5589000457410669
PLOT-018068,3.389623443002541
PLOT-018707,1.9578650832606443
PLOT-017219,2.56609413182516
PLOT-015642,2.050733802603403
PLOT-015168,2.3373939045199115
PLOT-016517,3.2857009753323214
PLOT-016800,4.153627626889018
PLOT-017682,2.748097894238052
PLOT-016917,2.5768069066692427
PLOT-015272,5.088543878176533
PLOT-016215,3.6223458952898544
PLOT-017468,2.513413373995207
PLOT-016118,2.6315507986689313
PLOT-018098,5.972196975380488
PLOT-018350,1.9217112249791402
PLOT-016066,3.2344887033724694
PLOT-017104,2.840656488240393
PLOT-017792,3.786742238887539
PLOT-017877,1.8388937886850116
PLOT-016912,2.641653439888427
PLOT-015038,3.7121213274176954
PLOT-015306,3.808954797222792
PLOT-015006,1.6920006916446353
PLOT-017456,3.8108659036699772
PLOT-015781,3.052476299768078
PLOT-016190,1.630256356177127
PLOT-015534,2.370150609410167
PLOT-015583,3.583719872720253
PLOT-017980,2.30140168066038
PLOT-018671,2.7467712884748554
PLOT-018168,4.7405635227282605
PLOT-018440,5.184107589319505
PLOT-017750,3.5956610760122056
PLOT-015316,4.378206557296213
PLOT-017197,3.4874430748658054
PLOT-017414,1.3930304370348534
PLOT-017564,4.227043805538426
PLOT-016794,2.1712531690744528
PLOT-017581,3.058797414195026
PLOT-017708,4.1131641806437615
PLOT-015271,2.6506451859437066
PLOT-015548,2.537083601361547
PLOT-016692,4.593239943003284
PLOT-016719,2.8689156101256907
PLOT-018451,1.9904040599535504
PLOT-018464,1.8479537865694597
PLOT-017390,5.1461456632810485
PLOT-015598,1.984656071945962
PLOT-016689,2.8506046315209734
PLOT-015894,3.265101603254899
PLOT-018733,1.801784811049031
PLOT-016775,5.930863388971876
PLOT-015570,1.6090933677472197
PLOT-016999,1.2030679940140758
PLOT-017122,0.9389976185588733
PLOT-015061,2.2814251552392415
PLOT-016247,2.225950040521192
PLOT-018748,5.767738443755348
PLOT-016259,2.700710424788327
PLOT-015809,1.9299387926702687
PLOT-017292,3.6223256223872666
PLOT-016049,0.8641711773661193
PLOT-018454,2.8443383634116786
PLOT-015107,2.9897205273477905
PLOT-017153,3.6693554372595973
PLOT-015673,2.037002074696965
PLOT-017690,1.557149229062383
PLOT-017995,4.000180742132135
PLOT-015665,4.176348027889331
PLOT-015509,3.206816150374408
PLOT-017179,2.6933098319963813
PLOT-016640,1.6461760221411064
PLOT-017492,2.1086135610154595
PLOT-018303,2.784757038770358
PLOT-016532,3.2029707703381938
PLOT-015866,2.962438879279864
PLOT-016855,5.783637413558062
PLOT-016736,1.115895080700685
PLOT-016060,3.8585379105187876
PLOT-018536,4.536198695956456
PLOT-017105,2.9161876073042086
PLOT-018419,0.8696559131970758
PLOT-016973,1.0217525235879825
PLOT-015589,1.9047053921754686
PLOT-017996,5.398210433235687
PLOT-018263,3.1590375703385547
PLOT-015086,5.007091099228954
PLOT-018615,0.6367476571562216
PLOT-015771,3.068681808739426
PLOT-017954,4.015005320270584
PLOT-016249,3.1662970157704957
PLOT-015708,5.163119358099781
PLOT-017472,3.718001906882476
PLOT-017985,2.2299024726200884
PLOT-018316,1.3137257137772143
PLOT-017586,1.9192402972183955
PLOT-016860,1.712425929180183
PLOT-018181,3.2517989120728727
PLOT-017128,2.3825073662730736
PLOT-018305,2.058955972225669
PLOT-018177,2.2894269817201964
PLOT-015418,2.377434576035589
PLOT-016461,2.3323283630936937
PLOT-016484,2.1361011429251278
PLOT-018609,5.768581543398849
PLOT-018465,2.5554044265336193
PLOT-018600,2.951813795177555
PLOT-015851,3.9858259605497963
PLOT-016004,4.069922560406002
PLOT-016996,2.8733942766826055
PLOT-016834,3.2826428573566426
PLOT-017947,2.7567984031955994
PLOT-015436,1.875599877840861
PLOT-016316,4.794494911199803
PLOT-016623,3.585616833993538
PLOT-016480,3.7736903567930575
PLOT-016648,2.265771397221158
PLOT-016003,2.9105125003278576
PLOT-016278,1.8138378570770426
PLOT-016823,2.811617113329421
PLOT-018029,3.473965580405762
PLOT-018602,0.8964071602286213
PLOT-016836,1.7225042519967693
PLOT-018554,4.0401427195309445
PLOT-017352,2.3686582216574323
PLOT-017282,1.9463292534652754
PLOT-016546,2.1642111214935564
PLOT-015335,3.349187513406838
PLOT-017617,4.201953849863199
PLOT-015088,2.053787061800345
PLOT-015874,2.1320117215775523
PLOT-018285,6.494789426129064
PLOT-015543,2.5371834770625687
PLOT-016241,2.3304826503861267
PLOT-017760,4.524122348466768
PLOT-016880,4.055209848860569
PLOT-018611,5.011756199455214
PLOT-018111,3.0452173904613358
PLOT-017269,2.482885126991413
PLOT-015319,2.9626537587030377
PLOT-015519,0.892090611321188
PLOT-017903,1.5663388631260844
PLOT-015878,1.8656700904221541
PLOT-018561,2.4944613987226636
PLOT-015825,2.5225055156149074
PLOT-016290,1.0176229009080082
PLOT-018210,2.9485464619852797
PLOT-018333,1.0950521545488485
PLOT-015138,2.936898416097839
PLOT-015163,5.087335709675044
PLOT-016618,2.3030356645741303
PLOT-018539,6.2615660288436485
PLOT-016791,1.9963497667780328
PLOT-016045,1.4957362221424648
PLOT-015960,2.315955837320957
PLOT-016750,3.4693090369646233
PLOT-018212,1.6408587766421714
PLOT-017830,2.55164234624361
PLOT-016504,4.134935670029338
PLOT-017889,2.130291672589488
PLOT-018692,2.132545917333586
PLOT-016059,1.8568797478298833
PLOT-017681,4.328262670816938
PLOT-018409,0.8294573384507316
PLOT-015655,1.988929662343763
PLOT-017064,0.5428406031305099
PLOT-018603,4.168399618009885
PLOT-015137,0.8923274598032891
PLOT-017946,1.2903864613138722
PLOT-016976,0.9964236413966807
PLOT-016581,2.194943229042338
PLOT-015697,3.7935952097486005
PLOT-016097,2.7811379118386794
PLOT-017836,2.399458465083645
PLOT-018268,0.9341470639697261
PLOT-017453,3.4798158431395394
PLOT-017496,2.652843267195326
PLOT-016392,2.7103487304149985
PLOT-018655,3.5124990914905325
PLOT-016266,1.3836065625330245
PLOT-017375,2.486159553454152
PLOT-017365,1.8918927528944731
PLOT-015135,1.5952751194950547
PLOT-016169,1.5963576808564186
PLOT-017574,2.6013298745103093
PLOT-017135,3.314425045080934
PLOT-016503,1.704114474086504
PLOT-016362,2.053713295939523
PLOT-017998,2.234980030054075
PLOT-015148,4.744978390038392
PLOT-015303,2.8907295454799127
PLOT-016017,0.750234272224637
PLOT-016924,1.195060908975751
PLOT-016052,4.498805785501673
PLOT-018423,2.081690608742414
PLOT-017413,4.064434130291027
PLOT-017637,3.2114861243545487
PLOT-018262,1.9310238177347157
PLOT-016904,2.999019138626391
PLOT-018254,2.760378544206175
PLOT-015198,3.239612315733159
PLOT-016768,2.9046612492181043
PLOT-017240,2.525237287233358
PLOT-015404,2.842356183068535
PLOT-018328,2.270995735734439
PLOT-018743,3.0406431339434867
PLOT-015483,2.5197053645843748
PLOT-016182,1.8846101635063575
PLOT-016339,3.2985735919274957
PLOT-016280,3.402321330348694
PLOT-016031,3.303460704359325
PLOT-015791,4.16417570976571
PLOT-015799,5.119641481960679
PLOT-017432,2.3460019211817285
PLOT-017798,2.821143470703615
PLOT-016201,4.440630014108121
PLOT-015422,4.186933582160597
PLOT-017362,1.4414913308155661
PLOT-018716,5.673285997169757
PLOT-016883,3.7171437871058064
PLOT-018684,0.1736913260848343
PLOT-016479,4.211930203729889
PLOT-017591,2.189335108391538
PLOT-016928,0.9859444441439597
PLOT-017710,2.3309352497970326
PLOT-018147,3.0110756995152155
PLOT-016529,4.479000737195487
PLOT-015902,2.591329334708134
PLOT-017809,3.2320201175640624
PLOT-015685,5.1980875151599575
PLOT-016551,4.25319905621494
PLOT-018438,0.7750317806899475
PLOT-015159,1.1868852911969434
PLOT-015999,1.6538283026308653
PLOT-018056,2.4929742757493787
PLOT-018535,2.7901841951180515
PLOT-017250,5.155080355929026
PLOT-017689,1.4803068672597528
PLOT-015112,0.7400830187767786
PLOT-018567,2.9826585097216585
PLOT-016446,1.9687861955293182
PLOT-016952,3.4220660169427806
PLOT-015922,3.4153814477369044
PLOT-016624,6.872077523661598
PLOT-018228,0.5798055499058709
PLOT-017853,2.909695672935458
PLOT-016319,1.7778909555932418
PLOT-016663,3.0191793200371717
PLOT-015815,3.0794891734884517
PLOT-018095,1.3815381072754298
PLOT-017266,2.3378475490001214
PLOT-016473,2.8380481048991206
PLOT-016773,2.380004797406194
PLOT-015679,2.2165689677254625
PLOT-018199,1.299828611823853
PLOT-016093,3.2717582444861035
PLOT-015080,0.7604374523650356
PLOT-016950,1.16365026063013
PLOT-018519,1.7835125598360029
PLOT-018075,0.9719525599227725
PLOT-018280,4.143903007051906
PLOT-017800,1.5384800740361277
PLOT-016239,4.181867401182456
PLOT-015329,2.6296062985946818
PLOT-015242,2.967145099691449
PLOT-018073,3.9334097775790213
PLOT-015641,0.8645997459624191
PLOT-015696,4.264035795293031
PLOT-017257,0.8697605080605956
PLOT-017818,2.519232108126535
PLOT-015753,2.5312229592114814
PLOT-015435,1.8643479807325034
PLOT-016563,2.3452572211280334
PLOT-016934,1.5472577423050276
PLOT-018457,3.153208942031842
PLOT-016712,2.944591038523406
PLOT-015551,1.444758779667115
PLOT-018127,2.934252149519415
PLOT-018255,5.326551591063476
PLOT-015601,1.9951467857921024
PLOT-016964,1.2734301734444542
PLOT-016013,1.5170745286795526
PLOT-018204,3.8089998896835175
PLOT-016427,1.5849570094992103
PLOT-017012,2.5026497223614763
PLOT-016386,4.636854159456789
PLOT-016295,4.59561585358845
PLOT-015466,3.7494408889165993
PLOT-016499,4.607212713366779
PLOT-018218,1.467654173515924
PLOT-018670,4.212829811114034
PLOT-015277,2.252022339692201
PLOT-016069,1.8822214869625395
PLOT-016548,1.123441925781966
PLOT-016024,1.6280155987935196
PLOT-016465,3.4044532833698486
PLOT-017770,1.6354141431202658
PLOT-015940,1.8542458609814638
PLOT-017834,4.588638579073629
PLOT-018297,0.9144626175175374
PLOT-016466,2.2879979223678433
PLOT-016323,2.4232084093148107
PLOT-017675,2.1640213216856607
PLOT-016399,5.7720112804881545
PLOT-018099,3.6821806205906755
PLOT-016449,1.6868225002261337
PLOT-015906,3.4364037395293012
PLOT-018352,1.8367652494909834
PLOT-017611,3.1334881235795238
PLOT-016895,3.3410849469740986
PLOT-015388,3.703192863379165
PLOT-017070,3.257735237799829
PLOT-017943,3.2885149930752187
PLOT-017172,3.0778954589087797
PLOT-017968,3.8219396219388786
PLOT-017821,3.41072254877203
PLOT-015880,2.243681137379146
PLOT-018425,1.2436777971120994
PLOT-015050,3.7096715024080704
PLOT-016887,1.219051432750508
PLOT-016702,1.574668997018235
PLOT-018359,3.851419893603247
PLOT-015133,1.4675196445359908
PLOT-016105,3.0366458635420637
PLOT-015703,2.5871426169048046
PLOT-015482,5.215532334476039
PLOT-016145,3.5071964339231547
PLOT-017038,4.652757712877765
PLOT-018673,1.5423781663409155
PLOT-015066,2.381439750173754
PLOT-018479,1.4696173501674223
PLOT-017781,3.1163372242390213
PLOT-017313,2.08860362586641
PLOT-017849,1.5743208582576462
PLOT-018351,5.416104089405888
PLOT-015907,3.2523248955559056
PLOT-015031,3.831845814961245
PLOT-017465,1.96283562784063
PLOT-017929,3.5125156510470443
PLOT-017680,7.015788369631465
PLOT-018551,3.182686066078674
PLOT-015010,1.7075807765206117
PLOT-015064,1.2249570630301208
PLOT-015776,4.035215335482496
PLOT-015077,3.4430228296224152
PLOT-015491,2.6534588310318257
PLOT-018145,0.9201093423077362
PLOT-018273,4.001033814925137
PLOT-017580,5.267368879274604
PLOT-017113,3.354019604752796
PLOT-018453,0.7271657416443884
PLOT-017344,3.7921959626634547
PLOT-015591,1.3102962425532834
PLOT-017815,1.424524546984126
PLOT-016285,1.101011642017325
PLOT-018269,3.7144292518946647
PLOT-015724,3.768487446606009
PLOT-017674,3.8777093473537314
PLOT-018142,4.662360787602428
PLOT-018708,1.0426206855927516
PLOT-016212,2.2239607943303548
PLOT-018643,3.3571215755347596
PLOT-017299,3.1599034153836003
PLOT-018223,1.9076388059884644
PLOT-016637,2.7135780053485052
PLOT-018581,3.898804861653718
PLOT-018574,5.0493442306358665
PLOT-018665,4.4849826845388066
PLOT-015982,1.9602493734120594
PLOT-015706,1.6819640723308245
PLOT-017535,3.3702039367206504
PLOT-016687,0.559015018718737
PLOT-018388,4.611955394938012
PLOT-015273,1.4098687657792317
PLOT-016709,3.6235003865004574
PLOT-018249,3.3756781261060387
PLOT-018429,5.68097686979421
PLOT-015963,2.1171442622103913
PLOT-017925,1.5444598267316187
PLOT-018136,2.2582506135330163
PLOT-018573,0.7698493854505762
PLOT-018706,1.2163169835659515
PLOT-017459,2.468113873305875
PLOT-018327,2.6369981050192695
PLOT-018192,3.97604934313504
PLOT-016452,3.100237201847689
PLOT-017715,0.47132804568223596
PLOT-015149,2.5258092931014806
PLOT-017692,2.111428250124084
PLOT-017767,2.4950142993544215
PLOT-016757,4.170337497428049
PLOT-015218,3.1465888207327786
PLOT-015239,2.3312021927878055
PLOT-016131,3.1934656588133423
PLOT-018390,3.456649718285248
PLOT-017840,3.794406518432792
PLOT-017239,4.236366970415355
PLOT-017381,1.848000670949501
PLOT-016253,2.6904844428944363
PLOT-016053,3.1184685650049766
PLOT-018010,2.8864319503713762
PLOT-016668,2.9989390815373587
PLOT-018178,2.5013923908137716
PLOT-018712,2.179393785559468
PLOT-016357,3.2724764117690444
PLOT-015775,3.0643504484567496
PLOT-017630,2.0158144056497096
PLOT-017832,2.856040550332009
PLOT-018274,2.2519249562839896
PLOT-015839,3.665845046351857
PLOT-015627,1.90062132962913
PLOT-015323,1.4496553929703928
PLOT-018402,2.0585571106808365
PLOT-018675,1.14662085925972
PLOT-016867,3.4550470562682203
PLOT-016160,2.3733469345201073
PLOT-017826,1.7125860902535066
PLOT-016076,1.7026310333514814
PLOT-017987,0.8759112181447322
PLOT-015437,3.2891139649386107
PLOT-015119,4.4197280732049276
PLOT-018306,2.627517962393737
PLOT-018089,2.184556518287492
PLOT-018314,3.296178671077295
PLOT-016814,3.5839327605948226
PLOT-016839,3.553766900808091
PLOT-016026,2.7983365125030977
PLOT-015076,2.2804569319638524
PLOT-015900,1.380774599914025
PLOT-015371,3.574894822820428
PLOT-016204,3.657265289264522
PLOT-018186,3.0304085089178834
PLOT-018736,5.20825860904178
PLOT-015941,3.344287853209312
PLOT-017625,3.4947428900041335
PLOT-017867,1.63571514401769
PLOT-015552,1.5182326365287055
PLOT-015406,3.7703654294770788
PLOT-017117,2.4041075269726373
PLOT-016613,2.2554780110756463
PLOT-017934,1.0532916975751812
PLOT-015968,2.187320532749305
PLOT-017833,3.760126171176724
PLOT-018293,1.4453645578657186
PLOT-018367,3.6705238410290932
PLOT-017349,2.0399225016307616
PLOT-016746,3.738231864999996
PLOT-015689,2.1643840622940895
PLOT-017860,2.5123211566750663
PLOT-016738,2.417723296763465
PLOT-015236,4.33958921300033
PLOT-018592,7.207775603762132
PLOT-016986,2.3918276829017415
PLOT-016983,2.9166641636101454
PLOT-017842,3.002449451595665
PLOT-015499,1.4708988428602674
PLOT-015822,0.7859084891968227
PLOT-015794,3.025968119650055
PLOT-018278,2.8073169575824553
PLOT-015990,1.8290388529461197
PLOT-015567,2.9564103332614997
PLOT-017982,2.718497821844779
PLOT-017435,2.6852847922652447
PLOT-015390,3.2194170750311057
PLOT-015743,4.660430459154152
PLOT-017400,2.2878475818791277
PLOT-016217,4.478667060642061
PLOT-015235,3.312294794865369
PLOT-018467,5.4915809591316975
PLOT-015480,3.5051199321247655
PLOT-017042,1.1174880736998771
PLOT-017615,2.200572158379215
PLOT-016677,1.06233471131448
PLOT-018442,1.185935559422798
PLOT-018626,2.58027891344993
PLOT-018241,0.7229445160405511
PLOT-018318,2.5219828877138957
PLOT-015120,1.2088797004471015
PLOT-018487,3.845404000591613
PLOT-018072,2.26124553604104
PLOT-016272,3.440584683940994
PLOT-015926,6.2899354369550045
PLOT-017563,4.109177709868783
PLOT-016594,2.379765652918916
PLOT-015223,3.1439200398343434
PLOT-015766,6.3231463900747755
PLOT-015613,1.042627925195618
PLOT-017891,3.8713389590861382
PLOT-016245,3.8891099838467875
PLOT-016540,0.8214911405683425
PLOT-015052,0.7459842627172877
PLOT-015529,4.041371067546445
PLOT-017533,3.0661638625377257
PLOT-016899,2.17102799790113
PLOT-018677,2.7623407858049087
PLOT-015818,2.145187806380825
PLOT-015155,3.231952669055961
PLOT-017648,1.3748780389886452
PLOT-018612,2.8450666279758208
PLOT-015248,3.8530679450452765
PLOT-015761,1.2983650870630783
PLOT-016894,3.883067748119168
PLOT-017029,3.487459253399739
PLOT-018589,3.5535324671601463
PLOT-016130,1.740246551798291
PLOT-015542,2.8468449677420185
PLOT-015793,3.442754534782242
PLOT-016725,2.148340137818909
PLOT-018200,3.2663376644464877
PLOT-015628,1.9203567194411018
PLOT-017198,5.521808425384184
PLOT-018401,5.100533948042376
PLOT-017339,3.2987965303651774
PLOT-017429,2.907709330100392
PLOT-018579,1.991619974920657
PLOT-017734,5.067933324153709
PLOT-016367,4.575990056482759
PLOT-016620,3.2708793182730322
PLOT-017945,3.6781595341447555
PLOT-018500,2.7683645671873083
PLOT-017902,4.998484509358984
PLOT-016071,5.074975109944337
PLOT-015554,3.2844222973853685
PLOT-016828,4.027293960197771
PLOT-015826,3.951745622426025
PLOT-016984,3.2052995272155247
PLOT-018450,1.6449988142256264
PLOT-016837,4.278456036227654
PLOT-017939,7.157380104099908
PLOT-015535,4.360709015592145
PLOT-018361,1.4405912579695117
PLOT-017663,5.397626347190833
PLOT-015154,3.608838271305316
PLOT-018238,3.441020936393339
PLOT-018149,2.363013593870363
PLOT-017952,4.118528746896576
PLOT-018538,3.435867699184523
PLOT-015322,4.933431596414417
PLOT-016710,2.4035241698647605
PLOT-015014,3.877622218551718
PLOT-016798,1.5889280814612234
PLOT-018542,3.0451242403282897
PLOT-015082,3.995817416499177
PLOT-017560,1.9526356360543764
PLOT-016943,2.1916209999881957
PLOT-016988,1.4810815673571756
PLOT-017672,4.440493393406257
PLOT-016383,3.785189778779333
PLOT-016574,4.0904690245429975
PLOT-017977,3.027380330175866
PLOT-018392,2.3019374275609867
PLOT-017058,2.485879038650149
PLOT-018617,2.406265373470295
PLOT-016494,2.151512048782842
PLOT-015831,4.047403428779563
PLOT-017080,1.8109844821417742
PLOT-016174,5.2344716381952
PLOT-015413,3.521699717747716
PLOT-017628,6.292830211530084
PLOT-016817,3.7892098531242686
PLOT-015165,2.4867874771004472
PLOT-018236,1.1199508044354287
PLOT-018667,4.319715468438498
PLOT-015614,4.031213316253885
PLOT-018093,2.5882062783996846
PLOT-016014,3.166514543178948
PLOT-017137,2.742672793667347
PLOT-018462,2.8171518418862544
PLOT-018452,0.8628047081193009
PLOT-017649,2.1861105159663516
PLOT-016237,1.069900129174507
PLOT-017181,1.909582300567779
PLOT-015555,2.824447362154528
PLOT-018079,1.333486954475564
PLOT-018320,4.19487096762128
PLOT-017368,2.7407692165109534
PLOT-018530,0.7068366309983672
PLOT-016211,2.8623505475000566
PLOT-018499,0.7439396613184708
PLOT-015634,4.276245578291634
PLOT-017600,2.9748606116388334
PLOT-016055,3.2466591494936257
PLOT-017340,4.029266461551548
PLOT-016708,2.2174753825809876
PLOT-015796,2.269905198768406
PLOT-017990,5.562564156680296
PLOT-018471,1.9036399854490154
PLOT-015174,0.9847199749009324
PLOT-017814,2.2736747787422105
PLOT-015245,3.207627103150451
PLOT-016080,3.068769411224941
PLOT-016654,4.251079159968194
PLOT-018711,3.254186387418411
PLOT-015144,3.8969339534225775
PLOT-015145,4.976394931787725
PLOT-015090,0.8825698490556141
PLOT-015682,1.0631069019461272
PLOT-015310,1.812696664191517
PLOT-015093,1.1898497831045332
PLOT-018322,1.8458090495921413
PLOT-016956,2.694938671838479
PLOT-015924,6.009313746680717
PLOT-018448,4.307015605462287
PLOT-016909,1.5819871099990472
PLOT-016035,7.8698731035352
PLOT-016400,1.7751271350837978
PLOT-017291,3.746861307576896
PLOT-016500,2.5745590998939325
PLOT-018159,2.4754162383161664
PLOT-017262,3.2566573346956535
PLOT-016468,1.0741383626461252
PLOT-015998,1.9657486485493287
PLOT-015853,3.2566350860961766
PLOT-017473,0.9108057072896524
PLOT-017204,6.606410312630285
PLOT-016142,2.056639996287627
PLOT-016143,2.4108793017064163
PLOT-017274,0.49800834753040724
PLOT-017944,3.559517570163173
PLOT-017048,3.3655431409168846
PLOT-015401,2.598808418075456
PLOT-016103,3.163019025429237
PLOT-015084,5.42449001244794
PLOT-017210,2.177503987180424
PLOT-018620,1.193123303518583
PLOT-015114,2.1812956848697587
PLOT-017718,2.8079593581956264
PLOT-018222,1.8504978883793297
PLOT-018276,5.459504089712916
PLOT-016585,3.5051404442458187
PLOT-016567,1.9678550162083814
PLOT-017937,2.933533337915106
PLOT-016501,2.046974624080809
PLOT-016660,4.285452140186279
PLOT-016556,2.871989470856435
PLOT-017007,0.9432143155295827
PLOT-015625,3.3213510092693377
PLOT-016885,1.1085640050663013
PLOT-018722,4.472610389137103
PLOT-016866,3.8097211450402204
PLOT-015952,3.57170358604829
PLOT-017855,3.7538703663345925
PLOT-017306,0.8527479233125304
PLOT-015624,1.8658495350843092
PLOT-017874,2.477905913743373
PLOT-015234,4.403215946939875
PLOT-017183,2.2817820458516076
PLOT-017664,4.5021650746074435
PLOT-018267,2.4288872761382874
PLOT-017884,3.433543687480345
PLOT-017890,1.9612909968449328
PLOT-017034,1.2144590444148482
PLOT-018007,3.206233061081945
PLOT-016826,4.3145811374752885
PLOT-018571,2.084654610164177
PLOT-017640,3.1042604442834567
PLOT-016314,0.9132360563594699
PLOT-016525,4.135656527497891
PLOT-016562,2.69041895847324
PLOT-016752,2.0527219945601463
PLOT-016605,5.785856055868855
PLOT-015343,2.3018567586140875
PLOT-018726,1.4346886804686194
PLOT-017341,2.102002319417759
PLOT-017412,4.392715525827567
PLOT-017226,1.6040149283880345
PLOT-017707,4.872255597047714
PLOT-015996,3.05139965825696
PLOT-017062,2.6081067122901063
PLOT-016110,1.1662900046155664
PLOT-017213,1.9812973649515853
PLOT-018203,0.7956666873278377
PLOT-016359,2.4046039145972755
PLOT-017107,1.7065507857272535
PLOT-015709,4.168307984728878
PLOT-016878,1.0875055525741177
PLOT-017724,4.522300855948524
PLOT-016378,3.2270062466357765
PLOT-017828,2.4054954096978673
PLOT-015424,3.005226362740684
PLOT-015292,4.629088773013648
PLOT-016065,5.560039570603825
PLOT-017921,5.940213552292569
PLOT-017377,2.385082406095952
PLOT-016638,2.9044766065708645
PLOT-017477,2.609942817816075
PLOT-016012,2.0829229499224433
PLOT-017127,2.882420364238906
PLOT-016717,2.699817957440218
PLOT-018100,4.638805026502267
PLOT-015937,2.104619813225435
PLOT-015834,1.2589801368797584
PLOT-017797,1.5853753029755144
PLOT-017938,2.9791418262961615
PLOT-015254,2.8599905760897313
PLOT-018495,3.2308260712636496
PLOT-016482,3.0391662570619147
PLOT-018721,2.2871695376478307
PLOT-016407,1.9022960437388212
PLOT-018156,3.0546328590968246
PLOT-018649,2.1094312002435043
PLOT-017184,2.662095163410102
PLOT-018183,2.992434483817064
PLOT-018266,1.7476421893539977
PLOT-017900,1.9597445996383196
PLOT-018250,3.6256031903766144
PLOT-015723,5.222583294244927
PLOT-017907,2.400286379283118
PLOT-015969,4.503465914203337
PLOT-015496,1.9465784606504446
PLOT-015950,1.4537555220600833
PLOT-015805,1.770872815061074
PLOT-016829,2.3862091999493167
PLOT-017177,0.5745145800070578
PLOT-016739,2.3053376531555854
PLOT-015337,1.3503476993007206
PLOT-015730,2.3152854576127315
PLOT-015608,0.46719529776692503
PLOT-016148,3.4683887257461854
PLOT-017243,0.7253423085749637
PLOT-018298,0.8814641377501543
PLOT-016713,3.8501877745716158
PLOT-018340,0.8762998556077809
PLOT-018738,2.455178797424668
PLOT-015909,2.3574336452090447
PLOT-017632,3.2725885716950245
PLOT-017151,2.3926229273542323
PLOT-017010,2.301197067939261
PLOT-017491,3.24975228529978
PLOT-018631,2.8113645967826564
PLOT-016810,3.5274851909204052
PLOT-016994,1.1735692077694193
PLOT-015719,2.45601793383638
PLOT-017932,1.9339132666434566
PLOT-017824,1.0344555066392103
PLOT-016569,2.097019415391074
PLOT-017897,2.2330447441707046
PLOT-017942,1.1862176342517456
PLOT-017275,2.5738416267952533
PLOT-015434,1.8859932554827692
PLOT-016299,2.0084646103345274
PLOT-017174,3.448485780521628
PLOT-015405,1.988184071061085
PLOT-017823,3.0271217754255098
PLOT-015821,3.5411436452547296
PLOT-017759,1.3227656338508258
PLOT-016789,1.5568560525587514
PLOT-018674,4.380892373890625
PLOT-018108,2.7407082026307568
PLOT-018211,4.486528398320211
PLOT-017351,2.0398339615925085
PLOT-017315,1.6691299115772507
PLOT-016858,5.326730505215596
PLOT-016557,1.9210741131772637
PLOT-015545,2.8263238119593943
PLOT-015212,2.693110000797033
PLOT-015896,3.8750993419112088
PLOT-018270,2.011480191885473
PLOT-016941,2.3501895910122808
PLOT-016891,3.65609860882379
PLOT-015916,3.292186690680668
PLOT-017723,2.5434432666336684
PLOT-016289,1.0351161646907197
PLOT-015814,5.515992022722272
PLOT-016265,1.2116074553305258
PLOT-015342,1.4228530492133031
PLOT-017597,2.760959920996325
PLOT-016410,3.0454094304281365
PLOT-016214,3.265629227283362
PLOT-015966,4.88284134650762
PLOT-016230,3.545206032999892
PLOT-017343,2.351526385733853
PLOT-015695,3.076836224503053
PLOT-017121,2.6216808654861468
PLOT-015605,3.1832076792627135
PLOT-015104,2.865790994502837
PLOT-015645,2.181624606733303
PLOT-016404,2.639702235025192
PLOT-015494,2.4469741411110038
PLOT-018088,2.100837581587168
PLOT-017487,2.9161946686540894
PLOT-016019,3.7240033864094992
PLOT-015091,4.903256306799174
PLOT-016112,2.8928313166535236
PLOT-018741,4.058460082997406
PLOT-015908,2.3624381159552397
PLOT-016474,3.0925362241787573
PLOT-016741,3.3243806137823038
PLOT-017150,1.9197965138786939
PLOT-015238,3.1062071518515517
PLOT-018466,2.7358089857075867
PLOT-015942,2.4822697520564136
PLOT-016270,2.4174765354950005
PLOT-015938,2.0236392450835328
PLOT-016424,5.179325490269718
PLOT-018229,0.7595316466296254
PLOT-016862,1.8808968789616771
PLOT-016669,2.2934454749659903
PLOT-015005,1.5147992070414484
PLOT-015247,3.292250359653717
PLOT-018013,4.220021817634005
PLOT-015018,2.2004568933751685
PLOT-017169,2.0143539381569746
PLOT-016970,3.7783228258793224
PLOT-017709,1.9934312556221494
PLOT-017232,3.209108731454766
PLOT-017322,1.3207355831658227
PLOT-017481,4.497463424686565
PLOT-015811,2.022047612788353
PLOT-016300,1.4639438889900414
PLOT-016335,1.5642042374254035
PLOT-018632,3.6867022988953875
PLOT-015260,3.4402304118442193
PLOT-016804,3.338464556835499
PLOT-016570,3.726872626364056
PLOT-017229,3.988092182814979
PLOT-015184,0.9166385393706878
PLOT-017454,3.309814336177793
PLOT-016743,2.387283814340147
PLOT-017913,2.7657095002542684
PLOT-016630,3.4074038303011447
PLOT-016716,1.0401156518760284
PLOT-015520,1.1639764492881173
PLOT-018051,3.013524063343066
PLOT-017428,2.9709064406018637
PLOT-017016,5.439040554146704
PLOT-016658,3.464358525535105
PLOT-018441,4.016028882305681
PLOT-016612,2.087650971253162
PLOT-017475,2.1429516522031404
PLOT-017126,4.377896846237064
PLOT-018057,0.9415292373997266
PLOT-018734,2.9046182328349093
PLOT-015607,7.71403785909591
PLOT-015230,3.9808281291486995
PLOT-018140,1.245063517550917
PLOT-015331,2.0149376074078855
PLOT-018105,1.4648105837883423
PLOT-016440,2.2519540362298867
PLOT-016927,2.2174612558553206
PLOT-016091,1.535527388008873
PLOT-016101,3.897573289416778
PLOT-016129,3.4270571558836664
PLOT-018283,2.1316433638359507
PLOT-015461,1.81232568392434
PLOT-015958,1.57385054291001
PLOT-016662,1.6459675512735206
PLOT-015559,2.398040304742179
PLOT-017894,4.441945056920936
PLOT-017738,0.6512759893665643
PLOT-018526,2.39091289618144
PLOT-016519,1.1939746149276813
PLOT-017140,3.2180822948451784
PLOT-018630,2.2485065287545676
PLOT-017032,4.908024384383338
PLOT-017484,2.7735289404694936
PLOT-017538,0.9148504298322012
PLOT-017097,1.3502778724439894
PLOT-018435,3.1136350436692926
PLOT-018565,1.93949426452685
PLOT-015069,3.7356944671780083
PLOT-016572,2.0416335312255165
PLOT-015808,1.573997436581779
PLOT-018232,2.096903693008376
PLOT-015011,0.6105563319816993
PLOT-017025,3.5888070819541835
PLOT-017192,2.2327647445730765
PLOT-015917,3.0491429235953675
PLOT-016451,3.4960129544289855
PLOT-017687,3.4290873951006438
PLOT-015176,2.6327397851114673
PLOT-015994,2.5903015234330775
PLOT-017488,3.4434918603710636
PLOT-017569,4.359791947632215
PLOT-018740,3.681570962721805
PLOT-018052,3.671810087996994
PLOT-016255,2.9266497220199703
PLOT-018282,3.9348109536352807
PLOT-016664,2.260687594893404
PLOT-017191,3.813624927794204
PLOT-017801,1.104183024015048
PLOT-017567,2.2948841738052934
PLOT-018370,1.4693564676842301
PLOT-017870,1.7043265128678045
PLOT-016790,2.9508728160752518
PLOT-017476,5.602371425353401
PLOT-017660,1.2678533518831185
PLOT-018080,2.381775273144846
PLOT-015156,4.270014734241542
PLOT-017587,3.330126347253012
PLOT-016460,2.3495919422054063
PLOT-017046,1.9886197514182293
PLOT-018338,1.4019681914126991
PLOT-016850,1.5911734751734983
PLOT-017509,0.2748399596787057
PLOT-017624,3.9647710755038417
PLOT-018410,3.5209221144495153
PLOT-017303,3.130350302624755
PLOT-018027,1.7993610479680027
PLOT-017005,5.187911373103649
PLOT-016185,1.9388213426758745
PLOT-016006,1.1519013365015232
PLOT-015560,5.279657406748478
PLOT-017256,2.4728481256204353
PLOT-015910,4.802035865497429
PLOT-016311,5.408901855599994
PLOT-017049,3.65293964482383
PLOT-018413,2.410450329369806
PLOT-015269,2.4069147248822285
PLOT-016993,3.9554731408851955
PLOT-015265,2.474380442668464
PLOT-015914,2.7474829647296692
PLOT-017278,3.2944105442882603
PLOT-017231,1.5704368873904888
PLOT-018167,3.0823774317821413
PLOT-018732,3.2480803506768647
PLOT-017912,2.5706821512211504
PLOT-018114,3.74425490392051
PLOT-015873,3.5905561964746093
PLOT-017093,1.926622244529511
PLOT-017446,2.175234593843382
PLOT-015475,2.4049376952923653
PLOT-016652,3.1114340543443246
PLOT-016960,5.435482267386109
PLOT-015045,3.2676847595170737
PLOT-015161,4.679614883910964
PLOT-018039,3.1756641344600474
PLOT-017775,1.9598163597311078
PLOT-017677,2.0243646554327004
PLOT-015288,1.9699640401920249
PLOT-018107,2.601761523353434
PLOT-018718,0.9519906511954087
PLOT-016948,2.102260247173767
PLOT-015575,4.094848567719621
PLOT-015850,2.5096594301268014
PLOT-018387,3.897153465362211
PLOT-015911,1.872313750125438
PLOT-016254,6.064081087088105
PLOT-016833,1.7027248061540092
PLOT-016722,2.073713466377211
PLOT-017133,1.5043051739495614
PLOT-016735,4.087280600006636
PLOT-015932,2.9919660107832695
PLOT-016100,4.110240382036538
PLOT-016207,2.004672303678336
PLOT-017295,1.15623519401425
PLOT-016843,0.6732623799615083
PLOT-016848,2.6222275894897713
PLOT-017524,3.6361289575066627
PLOT-016694,3.2777344339308887
PLOT-015085,3.1016809244580705
PLOT-015469,4.358209282612215
PLOT-017273,0.6855310311042179
PLOT-017822,3.9731046698415606
PLOT-017379,3.0921287996868245
PLOT-015233,3.0119035095449855
PLOT-017636,1.1470442663527087
PLOT-017523,2.3160265977569345
PLOT-018332,3.6190250252990595
PLOT-018699,2.0367015890240006
PLOT-017647,3.6551658013365467
PLOT-017469,2.8535065482095905
PLOT-016711,2.409125383815237
PLOT-015182,0.6232713595407817
PLOT-015988,3.37167136356411
PLOT-016000,2.4140630230050637
PLOT-016641,1.636896828988107
PLOT-016356,3.0690433715828345
PLOT-016462,1.7061295282982973
PLOT-015049,2.0928932156047484
PLOT-018637,0.8948937906607121
PLOT-018077,1.3009615261225154
PLOT-017577,3.9176071619085184
PLOT-016258,1.476705381000679
PLOT-015486,4.110044648007955
PLOT-018715,1.1528432364856132
PLOT-017545,3.054292494836428
PLOT-016908,3.2837410754185807
PLOT-015106,2.3515069556893065
PLOT-015443,5.27358411910906
PLOT-016954,4.231638328297155
PLOT-018560,2.8022361055077036
PLOT-015646,2.817076194365595
PLOT-018084,3.81887429024976
PLOT-016762,0.8158385654924711
PLOT-015726,2.9775071478764636
PLOT-017238,1.4598133034569898
PLOT-016856,2.8215706910254066
PLOT-017330,4.571056177110695
PLOT-015029,1.1811213130319798
PLOT-015169,3.7019525137239504
PLOT-016001,2.4679207837471373
PLOT-018252,2.4945964401139635
PLOT-017148,2.1208733753917453
PLOT-015197,1.8126065712993058
PLOT-015495,3.0070012950268827
PLOT-017026,2.399710846096982
PLOT-015647,1.8179363032485707
PLOT-018035,1.1492560340397213
PLOT-015044,5.108065611195563
PLOT-017758,2.9842335601999075
PLOT-015373,2.422425715268169
PLOT-015678,3.4401218684664423
PLOT-015566,4.761461947192184
PLOT-017895,2.152847370380285
PLOT-015460,3.236179144297588
PLOT-016932,2.5596715264167114
PLOT-018485,1.4559301189309013
PLOT-016155,3.1715825916555125
PLOT-015039,2.2162491256430052
PLOT-017482,1.3718960738954158
PLOT-015973,3.039019951271733
PLOT-018287,1.2304715342797528
PLOT-018055,3.7590968101669167
PLOT-018627,1.1849398599052268
PLOT-018638,2.0772484028324008
PLOT-016786,1.279107930551164
PLOT-016498,2.7603111712872805
PLOT-017504,4.527773245940816
PLOT-016835,3.3708307127778347
PLOT-017308,1.9612254037408225
PLOT-016840,1.8195845293678128
PLOT-017083,3.6190054939227365
PLOT-015827,4.877378096007099
PLOT-016935,2.8216328130992023
PLOT-017044,5.2565129611081955
PLOT-015309,1.631166634476925
PLOT-015276,2.713016777051934
PLOT-015636,4.006403012093754
PLOT-015654,2.7982753985251074
PLOT-015622,3.034298576852267
PLOT-016859,3.3032162922229658
PLOT-015844,3.9727052041215027
PLOT-015393,3.418687270260826
PLOT-017155,6.338160744852658
PLOT-015349,2.1133776832987987
PLOT-017572,1.1084398028147064
PLOT-015784,1.7563535305231937
PLOT-015047,3.3226639696656752
PLOT-016978,3.623865273306584
PLOT-017251,3.7888460720418182
PLOT-018651,3.3145901081441678
PLOT-016655,3.204845676140001
PLOT-017069,3.5190821023329324
PLOT-015402,2.888914050558306
PLOT-016107,2.534046655014473
PLOT-016154,3.8665573810446303
PLOT-016439,3.488953594658637
PLOT-018749,1.8143759099805084
PLOT-017001,4.041396460289816
PLOT-015989,1.80719077215467
PLOT-016865,2.4941003366568792
PLOT-017789,3.6467936358118846
PLOT-016310,1.7248639845329141
PLOT-018195,1.8730738241623315
PLOT-015033,1.3299393098515004
PLOT-015787,3.275156640547571
PLOT-018588,5.246178401736249
PLOT-017971,1.74243551795213
PLOT-016043,2.968356768424938
PLOT-015481,2.3019052646342733
PLOT-016243,3.7924861438531488
PLOT-017627,1.4422752461942805
PLOT-017529,0.5598480966301775
PLOT-015931,1.9736212309422234
PLOT-017404,2.475532427413321
PLOT-016685,1.1014372139922715
PLOT-016248,1.5064736760035666
PLOT-015759,2.6889730622543055
PLOT-015092,3.423286348160468
PLOT-016175,1.9813112500411467
PLOT-016415,2.3766332293698285
PLOT-016341,2.330060117682725
PLOT-016472,2.3779194703601423
PLOT-017851,1.3613492457057395
PLOT-017793,2.34563039875087
PLOT-018594,2.346472696644667
PLOT-017327,2.4513672506898887
PLOT-016607,4.186188105882271
PLOT-015764,1.4526917840507794
PLOT-017652,4.505766461288934
PLOT-018747,3.5182166491740574
PLOT-016373,2.9522795828696684
PLOT-016951,2.621040601149596
PLOT-018446,2.4794164573900233
PLOT-017448,1.8546299437308285
PLOT-016728,0.6596447316518922
PLOT-015257,2.2310744148725914
PLOT-015944,1.5241809328130975
PLOT-018144,1.4146950598052896
PLOT-016219,2.974313953846396
PLOT-018555,4.974602825561936
PLOT-016161,1.327339295813283
PLOT-017542,4.756412913967798
PLOT-015772,1.148106404834504
PLOT-017598,4.792749289070034
PLOT-016486,2.0760339784265303
PLOT-017249,3.2398137852254316
PLOT-015312,0.8147457009704951
PLOT-015290,2.2670556420084256
PLOT-018261,2.3458016648569986
PLOT-015763,1.3058641117823981
PLOT-018184,1.346871499370308
PLOT-017997,4.475677318570506
PLOT-015183,1.6667342131811187
PLOT-016176,1.2008170199278918
PLOT-016349,3.804060023164701
PLOT-018116,1.9325787695929633
PLOT-018516,2.3521769714064185
PLOT-018078,6.0410137537794775
PLOT-017298,4.047946498640097
PLOT-017871,1.58067584656801
PLOT-016099,2.654795494923516
PLOT-018584,3.719636840440014
PLOT-017988,0.8333041636015743
PLOT-015391,0.7227640270209402
PLOT-016919,3.276744236175165
PLOT-016456,1.2869047272573246
PLOT-016092,2.645397536481344
PLOT-017022,1.9329480389593954
PLOT-018239,4.179076028669736
PLOT-015904,2.2578647026321326
PLOT-017778,2.6999091582596617
PLOT-017602,3.603941825061372
PLOT-015366,4.494183019662966
PLOT-015345,3.1716321720638243
PLOT-018656,2.2337606747551018
PLOT-017583,2.545294101204328
PLOT-018470,2.5998489465768366
PLOT-018257,2.2696499071896037
PLOT-016372,2.5928220274494524
PLOT-016639,4.867461405111121
PLOT-015919,3.0669819748002465
PLOT-015211,2.500313138752118
PLOT-016603,2.580354848515743
PLOT-017550,4.03802307517385
PLOT-015537,3.2121785131683103
PLOT-016220,3.108621108727358
PLOT-015175,0.9321284243556739
